[
    {
        "fields": {
            "app_label": "admin",
            "model": "logentry"
        },
        "model": "contenttypes.contenttype",
        "pk": 1
    },
    {
        "fields": {
            "app_label": "auth",
            "model": "permission"
        },
        "model": "contenttypes.contenttype",
        "pk": 2
    },
    {
        "fields": {
            "app_label": "auth",
            "model": "group"
        },
        "model": "contenttypes.contenttype",
        "pk": 3
    },
    {
        "fields": {
            "app_label": "auth",
            "model": "user"
        },
        "model": "contenttypes.contenttype",
        "pk": 4
    },
    {
        "fields": {
            "app_label": "contenttypes",
            "model": "contenttype"
        },
        "model": "contenttypes.contenttype",
        "pk": 5
    },
    {
        "fields": {
            "app_label": "sessions",
            "model": "session"
        },
        "model": "contenttypes.contenttype",
        "pk": 6
    },
    {
        "fields": {
            "app_label": "service",
            "model": "piece"
        },
        "model": "contenttypes.contenttype",
        "pk": 7
    },
    {
        "fields": {
            "app_label": "service",
            "model": "supplycenter"
        },
        "model": "contenttypes.contenttype",
        "pk": 8
    },
    {
        "fields": {
            "app_label": "service",
            "model": "phase"
        },
        "model": "contenttypes.contenttype",
        "pk": 9
    },
    {
        "fields": {
            "app_label": "service",
            "model": "order"
        },
        "model": "contenttypes.contenttype",
        "pk": 10
    },
    {
        "fields": {
            "app_label": "service",
            "model": "message"
        },
        "model": "contenttypes.contenttype",
        "pk": 11
    },
    {
        "fields": {
            "app_label": "service",
            "model": "command"
        },
        "model": "contenttypes.contenttype",
        "pk": 12
    },
    {
        "fields": {
            "app_label": "service",
            "model": "turn"
        },
        "model": "contenttypes.contenttype",
        "pk": 13
    },
    {
        "fields": {
            "app_label": "service",
            "model": "nation"
        },
        "model": "contenttypes.contenttype",
        "pk": 14
    },
    {
        "fields": {
            "app_label": "service",
            "model": "game"
        },
        "model": "contenttypes.contenttype",
        "pk": 15
    },
    {
        "fields": {
            "app_label": "service",
            "model": "announcement"
        },
        "model": "contenttypes.contenttype",
        "pk": 16
    },
    {
        "fields": {
            "app_label": "service",
            "model": "territory"
        },
        "model": "contenttypes.contenttype",
        "pk": 17
    },
    {
        "fields": {
            "active": true,
            "name": "england"
        },
        "model": "service.nation",
        "pk": 1
    },
    {
        "fields": {
            "active": true,
            "name": "france"
        },
        "model": "service.nation",
        "pk": 2
    },
    {
        "fields": {
            "active": true,
            "name": "germany"
        },
        "model": "service.nation",
        "pk": 3
    },
    {
        "fields": {
            "active": true,
            "name": "austria-hungary"
        },
        "model": "service.nation",
        "pk": 4
    },
    {
        "fields": {
            "active": true,
            "name": "italy"
        },
        "model": "service.nation",
        "pk": 5
    },
    {
        "fields": {
            "active": true,
            "name": "russia"
        },
        "model": "service.nation",
        "pk": 6
    },
    {
        "fields": {
            "active": true,
            "name": "turkey"
        },
        "model": "service.nation",
        "pk": 7
    },
    {
        "fields": {
            "active": true,
            "nation": 1,
            "territory": 36,
            "type": "F"
        },
        "model": "service.piece",
        "pk": 1
    },
    {
        "fields": {
            "active": true,
            "nation": 1,
            "territory": 30,
            "type": "F"
        },
        "model": "service.piece",
        "pk": 2
    },
    {
        "fields": {
            "active": true,
            "nation": 1,
            "territory": 38,
            "type": "A"
        },
        "model": "service.piece",
        "pk": 3
    },
    {
        "fields": {
            "active": true,
            "nation": 4,
            "territory": 71,
            "type": "A"
        },
        "model": "service.piece",
        "pk": 4
    },
    {
        "fields": {
            "active": true,
            "nation": 4,
            "territory": 60,
            "type": "A"
        },
        "model": "service.piece",
        "pk": 5
    },
    {
        "fields": {
            "active": true,
            "nation": 4,
            "territory": 53,
            "type": "F"
        },
        "model": "service.piece",
        "pk": 6
    },
    {
        "fields": {
            "active": true,
            "nation": 2,
            "territory": 65,
            "type": "A"
        },
        "model": "service.piece",
        "pk": 7
    },
    {
        "fields": {
            "active": true,
            "nation": 2,
            "territory": 39,
            "type": "A"
        },
        "model": "service.piece",
        "pk": 8
    },
    {
        "fields": {
            "active": true,
            "nation": 2,
            "territory": 26,
            "type": "F"
        },
        "model": "service.piece",
        "pk": 9
    },
    {
        "fields": {
            "active": true,
            "nation": 3,
            "territory": 24,
            "type": "A"
        },
        "model": "service.piece",
        "pk": 10
    },
    {
        "fields": {
            "active": true,
            "nation": 3,
            "territory": 64,
            "type": "A"
        },
        "model": "service.piece",
        "pk": 11
    },
    {
        "fields": {
            "active": true,
            "nation": 3,
            "territory": 35,
            "type": "F"
        },
        "model": "service.piece",
        "pk": 12
    },
    {
        "fields": {
            "active": true,
            "nation": 5,
            "territory": 46,
            "type": "A"
        },
        "model": "service.piece",
        "pk": 13
    },
    {
        "fields": {
            "active": true,
            "nation": 5,
            "territory": 56,
            "type": "A"
        },
        "model": "service.piece",
        "pk": 14
    },
    {
        "fields": {
            "active": true,
            "nation": 5,
            "territory": 41,
            "type": "F"
        },
        "model": "service.piece",
        "pk": 15
    },
    {
        "fields": {
            "active": true,
            "nation": 6,
            "territory": 63,
            "type": "A"
        },
        "model": "service.piece",
        "pk": 16
    },
    {
        "fields": {
            "active": true,
            "nation": 6,
            "territory": 49,
            "type": "F"
        },
        "model": "service.piece",
        "pk": 17
    },
    {
        "fields": {
            "active": true,
            "nation": 6,
            "territory": 72,
            "type": "A"
        },
        "model": "service.piece",
        "pk": 18
    },
    {
        "fields": {
            "active": true,
            "nation": 6,
            "territory": 75,
            "type": "F"
        },
        "model": "service.piece",
        "pk": 19
    },
    {
        "fields": {
            "active": true,
            "nation": 7,
            "territory": 21,
            "type": "F"
        },
        "model": "service.piece",
        "pk": 20
    },
    {
        "fields": {
            "active": true,
            "nation": 7,
            "territory": 28,
            "type": "A"
        },
        "model": "service.piece",
        "pk": 21
    },
    {
        "fields": {
            "active": true,
            "nation": 7,
            "territory": 50,
            "type": "A"
        },
        "model": "service.piece",
        "pk": 22
    },
    {
        "fields": {
            "controlled_by": 7,
            "nationality": 7
        },
        "model": "service.supplycenter",
        "pk": 21
    },
    {
        "fields": {
            "controlled_by": 3,
            "nationality": 3
        },
        "model": "service.supplycenter",
        "pk": 24
    },
    {
        "fields": {
            "controlled_by": null,
            "nationality": null
        },
        "model": "service.supplycenter",
        "pk": 25
    },
    {
        "fields": {
            "controlled_by": 2,
            "nationality": 2
        },
        "model": "service.supplycenter",
        "pk": 26
    },
    {
        "fields": {
            "controlled_by": 7,
            "nationality": 7
        },
        "model": "service.supplycenter",
        "pk": 28
    },
    {
        "fields": {
            "controlled_by": null,
            "nationality": null
        },
        "model": "service.supplycenter",
        "pk": 29
    },
    {
        "fields": {
            "controlled_by": 1,
            "nationality": 1
        },
        "model": "service.supplycenter",
        "pk": 30
    },
    {
        "fields": {
            "controlled_by": null,
            "nationality": null
        },
        "model": "service.supplycenter",
        "pk": 33
    },
    {
        "fields": {
            "controlled_by": null,
            "nationality": null
        },
        "model": "service.supplycenter",
        "pk": 34
    },
    {
        "fields": {
            "controlled_by": 3,
            "nationality": 3
        },
        "model": "service.supplycenter",
        "pk": 35
    },
    {
        "fields": {
            "controlled_by": 1,
            "nationality": 1
        },
        "model": "service.supplycenter",
        "pk": 36
    },
    {
        "fields": {
            "controlled_by": 1,
            "nationality": 1
        },
        "model": "service.supplycenter",
        "pk": 38
    },
    {
        "fields": {
            "controlled_by": 2,
            "nationality": 2
        },
        "model": "service.supplycenter",
        "pk": 39
    },
    {
        "fields": {
            "controlled_by": 5,
            "nationality": 5
        },
        "model": "service.supplycenter",
        "pk": 41
    },
    {
        "fields": {
            "controlled_by": null,
            "nationality": null
        },
        "model": "service.supplycenter",
        "pk": 42
    },
    {
        "fields": {
            "controlled_by": null,
            "nationality": null
        },
        "model": "service.supplycenter",
        "pk": 45
    },
    {
        "fields": {
            "controlled_by": 5,
            "nationality": 5
        },
        "model": "service.supplycenter",
        "pk": 46
    },
    {
        "fields": {
            "controlled_by": null,
            "nationality": null
        },
        "model": "service.supplycenter",
        "pk": 47
    },
    {
        "fields": {
            "controlled_by": 6,
            "nationality": 6
        },
        "model": "service.supplycenter",
        "pk": 49
    },
    {
        "fields": {
            "controlled_by": 7,
            "nationality": 7
        },
        "model": "service.supplycenter",
        "pk": 50
    },
    {
        "fields": {
            "controlled_by": null,
            "nationality": null
        },
        "model": "service.supplycenter",
        "pk": 51
    },
    {
        "fields": {
            "controlled_by": 4,
            "nationality": 4
        },
        "model": "service.supplycenter",
        "pk": 53
    },
    {
        "fields": {
            "controlled_by": null,
            "nationality": null
        },
        "model": "service.supplycenter",
        "pk": 54
    },
    {
        "fields": {
            "controlled_by": 5,
            "nationality": 5
        },
        "model": "service.supplycenter",
        "pk": 56
    },
    {
        "fields": {
            "controlled_by": 4,
            "nationality": 4
        },
        "model": "service.supplycenter",
        "pk": 60
    },
    {
        "fields": {
            "controlled_by": 6,
            "nationality": 6
        },
        "model": "service.supplycenter",
        "pk": 63
    },
    {
        "fields": {
            "controlled_by": 3,
            "nationality": 3
        },
        "model": "service.supplycenter",
        "pk": 64
    },
    {
        "fields": {
            "controlled_by": 2,
            "nationality": 2
        },
        "model": "service.supplycenter",
        "pk": 65
    },
    {
        "fields": {
            "controlled_by": null,
            "nationality": null
        },
        "model": "service.supplycenter",
        "pk": 67
    },
    {
        "fields": {
            "controlled_by": 4,
            "nationality": 4
        },
        "model": "service.supplycenter",
        "pk": 71
    },
    {
        "fields": {
            "controlled_by": 6,
            "nationality": 6
        },
        "model": "service.supplycenter",
        "pk": 72
    },
    {
        "fields": {
            "controlled_by": null,
            "nationality": null
        },
        "model": "service.supplycenter",
        "pk": 73
    },
    {
        "fields": {
            "controlled_by": null,
            "nationality": null
        },
        "model": "service.supplycenter",
        "pk": 74
    },
    {
        "fields": {
            "controlled_by": 6,
            "nationality": 6
        },
        "model": "service.supplycenter",
        "pk": 75
    },
    {
        "fields": {
            "abbreviation": "adr",
            "coast": false,
            "controlled_by": null,
            "display_name": "adriatic sea",
            "neighbours": [
                11,
                20,
                22,
                53,
                56
            ],
            "shared_coasts": [],
            "type": "S"
        },
        "model": "service.territory",
        "pk": 1
    },
    {
        "fields": {
            "abbreviation": "aeg",
            "coast": false,
            "controlled_by": null,
            "display_name": "aegean sea",
            "neighbours": [
                7,
                11,
                28,
                33,
                50,
                73,
                77
            ],
            "shared_coasts": [],
            "type": "S"
        },
        "model": "service.territory",
        "pk": 2
    },
    {
        "fields": {
            "abbreviation": "bal",
            "coast": false,
            "controlled_by": null,
            "display_name": "baltic sea",
            "neighbours": [
                6,
                24,
                29,
                35,
                37,
                48,
                51
            ],
            "shared_coasts": [],
            "type": "S"
        },
        "model": "service.territory",
        "pk": 3
    },
    {
        "fields": {
            "abbreviation": "bar",
            "coast": false,
            "controlled_by": null,
            "display_name": "barrents sea",
            "neighbours": [
                15,
                42,
                81
            ],
            "shared_coasts": [],
            "type": "S"
        },
        "model": "service.territory",
        "pk": 4
    },
    {
        "fields": {
            "abbreviation": "bla",
            "coast": false,
            "controlled_by": null,
            "display_name": "black sea",
            "neighbours": [
                21,
                28,
                47,
                49,
                73,
                76
            ],
            "shared_coasts": [],
            "type": "S"
        },
        "model": "service.territory",
        "pk": 5
    },
    {
        "fields": {
            "abbreviation": "bot",
            "coast": false,
            "controlled_by": null,
            "display_name": "gulf of bothnia",
            "neighbours": [
                3,
                31,
                37,
                51,
                80
            ],
            "shared_coasts": [],
            "type": "S"
        },
        "model": "service.territory",
        "pk": 6
    },
    {
        "fields": {
            "abbreviation": "eas",
            "coast": false,
            "controlled_by": null,
            "display_name": "eastern mediterranean",
            "neighbours": [
                2,
                50,
                52
            ],
            "shared_coasts": [],
            "type": "S"
        },
        "model": "service.territory",
        "pk": 7
    },
    {
        "fields": {
            "abbreviation": "eng",
            "coast": false,
            "controlled_by": null,
            "display_name": "english channel",
            "neighbours": [
                12,
                13,
                16,
                25,
                26,
                36,
                43,
                57
            ],
            "shared_coasts": [],
            "type": "S"
        },
        "model": "service.territory",
        "pk": 8
    },
    {
        "fields": {
            "abbreviation": "gol",
            "coast": false,
            "controlled_by": null,
            "display_name": "gulf of lyon",
            "neighbours": [
                18,
                19,
                39,
                44,
                55,
                79
            ],
            "shared_coasts": [],
            "type": "S"
        },
        "model": "service.territory",
        "pk": 9
    },
    {
        "fields": {
            "abbreviation": "hel",
            "coast": false,
            "controlled_by": null,
            "display_name": "heligoland blight",
            "neighbours": [
                16,
                29,
                34,
                35
            ],
            "shared_coasts": [],
            "type": "S"
        },
        "model": "service.territory",
        "pk": 10
    },
    {
        "fields": {
            "abbreviation": "ion",
            "coast": false,
            "controlled_by": null,
            "display_name": "ionian sea",
            "neighbours": [
                1,
                2,
                18,
                20,
                22,
                33,
                41,
                54
            ],
            "shared_coasts": [],
            "type": "S"
        },
        "model": "service.territory",
        "pk": 11
    },
    {
        "fields": {
            "abbreviation": "iri",
            "coast": false,
            "controlled_by": null,
            "display_name": "irish sea",
            "neighbours": [
                8,
                13,
                14,
                27,
                38,
                57
            ],
            "shared_coasts": [],
            "type": "S"
        },
        "model": "service.territory",
        "pk": 12
    },
    {
        "fields": {
            "abbreviation": "mid",
            "coast": false,
            "controlled_by": null,
            "display_name": "mid_atlantic ocean",
            "neighbours": [
                8,
                12,
                14,
                19,
                26,
                32,
                40,
                45,
                78,
                79
            ],
            "shared_coasts": [],
            "type": "S"
        },
        "model": "service.territory",
        "pk": 13
    },
    {
        "fields": {
            "abbreviation": "nat",
            "coast": false,
            "controlled_by": null,
            "display_name": "north atlantic",
            "neighbours": [
                12,
                13,
                15,
                27,
                30,
                38
            ],
            "shared_coasts": [],
            "type": "S"
        },
        "model": "service.territory",
        "pk": 14
    },
    {
        "fields": {
            "abbreviation": "nrg",
            "coast": false,
            "controlled_by": null,
            "display_name": "norwegian sea",
            "neighbours": [
                4,
                14,
                16,
                27,
                30,
                42
            ],
            "shared_coasts": [],
            "type": "S"
        },
        "model": "service.territory",
        "pk": 15
    },
    {
        "fields": {
            "abbreviation": "nth",
            "coast": false,
            "controlled_by": null,
            "display_name": "north sea",
            "neighbours": [
                8,
                10,
                15,
                17,
                29,
                30,
                34,
                36,
                42,
                58
            ],
            "shared_coasts": [],
            "type": "S"
        },
        "model": "service.territory",
        "pk": 16
    },
    {
        "fields": {
            "abbreviation": "ska",
            "coast": false,
            "controlled_by": null,
            "display_name": "skagerrack",
            "neighbours": [
                16,
                29,
                42,
                51
            ],
            "shared_coasts": [],
            "type": "S"
        },
        "model": "service.territory",
        "pk": 17
    },
    {
        "fields": {
            "abbreviation": "tyn",
            "coast": false,
            "controlled_by": null,
            "display_name": "tyrrhenian sea",
            "neighbours": [
                9,
                11,
                19,
                41,
                46,
                54,
                55,
                56
            ],
            "shared_coasts": [],
            "type": "S"
        },
        "model": "service.territory",
        "pk": 18
    },
    {
        "fields": {
            "abbreviation": "wes",
            "coast": false,
            "controlled_by": null,
            "display_name": "western mediterranean",
            "neighbours": [
                9,
                13,
                18,
                40,
                54,
                79
            ],
            "shared_coasts": [],
            "type": "S"
        },
        "model": "service.territory",
        "pk": 19
    },
    {
        "fields": {
            "abbreviation": "alb",
            "coast": true,
            "controlled_by": null,
            "display_name": "albania",
            "neighbours": [
                1,
                11,
                33,
                53,
                67
            ],
            "shared_coasts": [
                33,
                53
            ],
            "type": "L"
        },
        "model": "service.territory",
        "pk": 20
    },
    {
        "fields": {
            "abbreviation": "ank",
            "coast": true,
            "controlled_by": 7,
            "display_name": "ankara",
            "neighbours": [
                5,
                23,
                28,
                50
            ],
            "shared_coasts": [
                23,
                28
            ],
            "type": "L"
        },
        "model": "service.territory",
        "pk": 21
    },
    {
        "fields": {
            "abbreviation": "apu",
            "coast": true,
            "controlled_by": 5,
            "display_name": "apulia",
            "neighbours": [
                1,
                11,
                41,
                46,
                56
            ],
            "shared_coasts": [
                41,
                56
            ],
            "type": "L"
        },
        "model": "service.territory",
        "pk": 22
    },
    {
        "fields": {
            "abbreviation": "arm",
            "coast": true,
            "controlled_by": 7,
            "display_name": "armenia",
            "neighbours": [
                21,
                49,
                50,
                52
            ],
            "shared_coasts": [
                21,
                49
            ],
            "type": "L"
        },
        "model": "service.territory",
        "pk": 23
    },
    {
        "fields": {
            "abbreviation": "ber",
            "coast": true,
            "controlled_by": 3,
            "display_name": "berlin",
            "neighbours": [
                3,
                35,
                48,
                64,
                68
            ],
            "shared_coasts": [
                35,
                48
            ],
            "type": "L"
        },
        "model": "service.territory",
        "pk": 24
    },
    {
        "fields": {
            "abbreviation": "bel",
            "coast": true,
            "controlled_by": null,
            "display_name": "belgium",
            "neighbours": [
                8,
                34,
                43,
                61
            ],
            "shared_coasts": [
                34,
                43
            ],
            "type": "L"
        },
        "model": "service.territory",
        "pk": 25
    },
    {
        "fields": {
            "abbreviation": "bre",
            "coast": true,
            "controlled_by": 2,
            "display_name": "brest",
            "neighbours": [
                8,
                13,
                32,
                43,
                61,
                65,
                66
            ],
            "shared_coasts": [
                32,
                43
            ],
            "type": "L"
        },
        "model": "service.territory",
        "pk": 26
    },
    {
        "fields": {
            "abbreviation": "cly",
            "coast": true,
            "controlled_by": 1,
            "display_name": "clyde",
            "neighbours": [
                12,
                14,
                15,
                30,
                38
            ],
            "shared_coasts": [
                30,
                38
            ],
            "type": "L"
        },
        "model": "service.territory",
        "pk": 27
    },
    {
        "fields": {
            "abbreviation": "con",
            "coast": true,
            "controlled_by": 7,
            "display_name": "constantinople",
            "neighbours": [
                2,
                5,
                21,
                50,
                73,
                76,
                77
            ],
            "shared_coasts": [
                21,
                50
            ],
            "type": "L"
        },
        "model": "service.territory",
        "pk": 28
    },
    {
        "fields": {
            "abbreviation": "den",
            "coast": true,
            "controlled_by": null,
            "display_name": "denmark",
            "neighbours": [
                3,
                10,
                16,
                17,
                35,
                51
            ],
            "shared_coasts": [
                35,
                51
            ],
            "type": "L"
        },
        "model": "service.territory",
        "pk": 29
    },
    {
        "fields": {
            "abbreviation": "edi",
            "coast": true,
            "controlled_by": 1,
            "display_name": "edinburgh",
            "neighbours": [
                14,
                15,
                16,
                27,
                38,
                58
            ],
            "shared_coasts": [
                27,
                58
            ],
            "type": "L"
        },
        "model": "service.territory",
        "pk": 30
    },
    {
        "fields": {
            "abbreviation": "fin",
            "coast": true,
            "controlled_by": 6,
            "display_name": "finland",
            "neighbours": [
                6,
                42,
                51,
                75,
                80
            ],
            "shared_coasts": [
                51
            ],
            "type": "L"
        },
        "model": "service.territory",
        "pk": 31
    },
    {
        "fields": {
            "abbreviation": "gas",
            "coast": true,
            "controlled_by": 2,
            "display_name": "gascony",
            "neighbours": [
                13,
                26,
                39,
                61,
                65,
                74,
                78
            ],
            "shared_coasts": [
                26
            ],
            "type": "L"
        },
        "model": "service.territory",
        "pk": 32
    },
    {
        "fields": {
            "abbreviation": "gre",
            "coast": true,
            "controlled_by": null,
            "display_name": "greece",
            "neighbours": [
                2,
                11,
                20,
                67,
                73,
                77
            ],
            "shared_coasts": [
                20
            ],
            "type": "L"
        },
        "model": "service.territory",
        "pk": 33
    },
    {
        "fields": {
            "abbreviation": "hol",
            "coast": true,
            "controlled_by": null,
            "display_name": "holland",
            "neighbours": [
                10,
                16,
                25,
                35,
                66
            ],
            "shared_coasts": [
                25,
                35
            ],
            "type": "L"
        },
        "model": "service.territory",
        "pk": 34
    },
    {
        "fields": {
            "abbreviation": "kie",
            "coast": true,
            "controlled_by": 3,
            "display_name": "kiel",
            "neighbours": [
                3,
                10,
                24,
                29,
                34,
                64,
                66
            ],
            "shared_coasts": [
                24,
                29,
                34
            ],
            "type": "L"
        },
        "model": "service.territory",
        "pk": 35
    },
    {
        "fields": {
            "abbreviation": "lon",
            "coast": true,
            "controlled_by": 1,
            "display_name": "london",
            "neighbours": [
                8,
                16,
                57,
                58
            ],
            "shared_coasts": [
                57,
                58
            ],
            "type": "L"
        },
        "model": "service.territory",
        "pk": 36
    },
    {
        "fields": {
            "abbreviation": "lvn",
            "coast": true,
            "controlled_by": 6,
            "display_name": "livonia",
            "neighbours": [
                3,
                6,
                48,
                63,
                72,
                75,
                80
            ],
            "shared_coasts": [
                48
            ],
            "type": "L"
        },
        "model": "service.territory",
        "pk": 37
    },
    {
        "fields": {
            "abbreviation": "lvp",
            "coast": true,
            "controlled_by": 1,
            "display_name": "liverpool",
            "neighbours": [
                12,
                14,
                27,
                30,
                57,
                58
            ],
            "shared_coasts": [
                27,
                57
            ],
            "type": "L"
        },
        "model": "service.territory",
        "pk": 38
    },
    {
        "fields": {
            "abbreviation": "mar",
            "coast": true,
            "controlled_by": 2,
            "display_name": "marseilles",
            "neighbours": [
                9,
                32,
                44,
                61,
                74,
                79
            ],
            "shared_coasts": [
                44
            ],
            "type": "L"
        },
        "model": "service.territory",
        "pk": 39
    },
    {
        "fields": {
            "abbreviation": "naf",
            "coast": true,
            "controlled_by": null,
            "display_name": "north africa",
            "neighbours": [
                13,
                19,
                54
            ],
            "shared_coasts": [
                54
            ],
            "type": "L"
        },
        "model": "service.territory",
        "pk": 40
    },
    {
        "fields": {
            "abbreviation": "nap",
            "coast": true,
            "controlled_by": 5,
            "display_name": "naples",
            "neighbours": [
                11,
                18,
                22,
                46
            ],
            "shared_coasts": [
                22,
                46
            ],
            "type": "L"
        },
        "model": "service.territory",
        "pk": 41
    },
    {
        "fields": {
            "abbreviation": "nwy",
            "coast": true,
            "controlled_by": null,
            "display_name": "norway",
            "neighbours": [
                4,
                15,
                16,
                17,
                31,
                51,
                75,
                81
            ],
            "shared_coasts": [
                51
            ],
            "type": "L"
        },
        "model": "service.territory",
        "pk": 42
    },
    {
        "fields": {
            "abbreviation": "pic",
            "coast": true,
            "controlled_by": 2,
            "display_name": "picardy",
            "neighbours": [
                8,
                25,
                26,
                61,
                65
            ],
            "shared_coasts": [
                25,
                26
            ],
            "type": "L"
        },
        "model": "service.territory",
        "pk": 43
    },
    {
        "fields": {
            "abbreviation": "pie",
            "coast": true,
            "controlled_by": 5,
            "display_name": "piedmont",
            "neighbours": [
                9,
                39,
                55,
                56
            ],
            "shared_coasts": [
                39,
                55
            ],
            "type": "L"
        },
        "model": "service.territory",
        "pk": 44
    },
    {
        "fields": {
            "abbreviation": "por",
            "coast": true,
            "controlled_by": null,
            "display_name": "portugal",
            "neighbours": [
                13,
                74,
                78,
                79
            ],
            "shared_coasts": [],
            "type": "L"
        },
        "model": "service.territory",
        "pk": 45
    },
    {
        "fields": {
            "abbreviation": "rom",
            "coast": true,
            "controlled_by": 5,
            "display_name": "rome",
            "neighbours": [
                18,
                22,
                41,
                55,
                56
            ],
            "shared_coasts": [
                41,
                55
            ],
            "type": "L"
        },
        "model": "service.territory",
        "pk": 46
    },
    {
        "fields": {
            "abbreviation": "rum",
            "coast": true,
            "controlled_by": null,
            "display_name": "rumania",
            "neighbours": [
                5,
                49,
                60,
                62,
                63,
                67,
                70,
                73,
                76
            ],
            "shared_coasts": [
                49
            ],
            "type": "L"
        },
        "model": "service.territory",
        "pk": 47
    },
    {
        "fields": {
            "abbreviation": "pru",
            "coast": true,
            "controlled_by": 3,
            "display_name": "prussia",
            "neighbours": [
                3,
                24,
                37,
                72
            ],
            "shared_coasts": [
                24,
                37
            ],
            "type": "L"
        },
        "model": "service.territory",
        "pk": 48
    },
    {
        "fields": {
            "abbreviation": "sev",
            "coast": true,
            "controlled_by": 6,
            "display_name": "sevastapol",
            "neighbours": [
                5,
                23,
                47,
                63,
                70
            ],
            "shared_coasts": [
                23,
                47
            ],
            "type": "L"
        },
        "model": "service.territory",
        "pk": 49
    },
    {
        "fields": {
            "abbreviation": "smy",
            "coast": true,
            "controlled_by": 7,
            "display_name": "smyrna",
            "neighbours": [
                2,
                7,
                21,
                23,
                28,
                52
            ],
            "shared_coasts": [
                28,
                52
            ],
            "type": "L"
        },
        "model": "service.territory",
        "pk": 50
    },
    {
        "fields": {
            "abbreviation": "swe",
            "coast": true,
            "controlled_by": null,
            "display_name": "sweden",
            "neighbours": [
                3,
                6,
                17,
                29,
                31,
                42
            ],
            "shared_coasts": [
                29,
                31,
                42
            ],
            "type": "L"
        },
        "model": "service.territory",
        "pk": 51
    },
    {
        "fields": {
            "abbreviation": "syr",
            "coast": true,
            "controlled_by": 7,
            "display_name": "syria",
            "neighbours": [
                7,
                23,
                50,
                53
            ],
            "shared_coasts": [
                50
            ],
            "type": "L"
        },
        "model": "service.territory",
        "pk": 52
    },
    {
        "fields": {
            "abbreviation": "tri",
            "coast": true,
            "controlled_by": 4,
            "display_name": "trieste",
            "neighbours": [
                1,
                20,
                52,
                56,
                60,
                67,
                69,
                71
            ],
            "shared_coasts": [
                20,
                56
            ],
            "type": "L"
        },
        "model": "service.territory",
        "pk": 53
    },
    {
        "fields": {
            "abbreviation": "tun",
            "coast": true,
            "controlled_by": null,
            "display_name": "tunis",
            "neighbours": [
                11,
                18,
                19,
                40
            ],
            "shared_coasts": [
                40
            ],
            "type": "L"
        },
        "model": "service.territory",
        "pk": 54
    },
    {
        "fields": {
            "abbreviation": "tus",
            "coast": true,
            "controlled_by": 5,
            "display_name": "tuscany",
            "neighbours": [
                9,
                18,
                44,
                46
            ],
            "shared_coasts": [
                44,
                46
            ],
            "type": "L"
        },
        "model": "service.territory",
        "pk": 55
    },
    {
        "fields": {
            "abbreviation": "ven",
            "coast": true,
            "controlled_by": 5,
            "display_name": "venice",
            "neighbours": [
                1,
                18,
                22,
                44,
                46,
                53,
                69
            ],
            "shared_coasts": [
                22,
                53
            ],
            "type": "L"
        },
        "model": "service.territory",
        "pk": 56
    },
    {
        "fields": {
            "abbreviation": "wal",
            "coast": true,
            "controlled_by": 1,
            "display_name": "wales",
            "neighbours": [
                8,
                12,
                36,
                38,
                58
            ],
            "shared_coasts": [
                36,
                38
            ],
            "type": "L"
        },
        "model": "service.territory",
        "pk": 57
    },
    {
        "fields": {
            "abbreviation": "yor",
            "coast": true,
            "controlled_by": 1,
            "display_name": "yorkshire",
            "neighbours": [
                16,
                30,
                36,
                38,
                57
            ],
            "shared_coasts": [
                30,
                36
            ],
            "type": "L"
        },
        "model": "service.territory",
        "pk": 58
    },
    {
        "fields": {
            "abbreviation": "boh",
            "coast": false,
            "controlled_by": 4,
            "display_name": "bohemia",
            "neighbours": [
                62,
                64,
                68,
                69,
                71
            ],
            "shared_coasts": [],
            "type": "L"
        },
        "model": "service.territory",
        "pk": 59
    },
    {
        "fields": {
            "abbreviation": "bud",
            "coast": false,
            "controlled_by": 4,
            "display_name": "budapest",
            "neighbours": [
                47,
                53,
                62,
                67,
                71
            ],
            "shared_coasts": [],
            "type": "L"
        },
        "model": "service.territory",
        "pk": 60
    },
    {
        "fields": {
            "abbreviation": "bur",
            "coast": false,
            "controlled_by": 2,
            "display_name": "burgundy",
            "neighbours": [
                25,
                26,
                32,
                39,
                43,
                64,
                65,
                66
            ],
            "shared_coasts": [],
            "type": "L"
        },
        "model": "service.territory",
        "pk": 61
    },
    {
        "fields": {
            "abbreviation": "gal",
            "coast": false,
            "controlled_by": 4,
            "display_name": "galicia",
            "neighbours": [
                47,
                59,
                60,
                68,
                70,
                71,
                72
            ],
            "shared_coasts": [],
            "type": "L"
        },
        "model": "service.territory",
        "pk": 62
    },
    {
        "fields": {
            "abbreviation": "mos",
            "coast": false,
            "controlled_by": 6,
            "display_name": "moscow",
            "neighbours": [
                37,
                47,
                49,
                70,
                72,
                75
            ],
            "shared_coasts": [],
            "type": "L"
        },
        "model": "service.territory",
        "pk": 63
    },
    {
        "fields": {
            "abbreviation": "mun",
            "coast": false,
            "controlled_by": 3,
            "display_name": "munich",
            "neighbours": [
                24,
                35,
                59,
                61,
                66,
                68,
                69
            ],
            "shared_coasts": [],
            "type": "L"
        },
        "model": "service.territory",
        "pk": 64
    },
    {
        "fields": {
            "abbreviation": "par",
            "coast": false,
            "controlled_by": 2,
            "display_name": "paris",
            "neighbours": [
                26,
                32,
                43,
                61
            ],
            "shared_coasts": [],
            "type": "L"
        },
        "model": "service.territory",
        "pk": 65
    },
    {
        "fields": {
            "abbreviation": "ruh",
            "coast": false,
            "controlled_by": 3,
            "display_name": "ruhr",
            "neighbours": [
                26,
                34,
                35,
                61,
                64
            ],
            "shared_coasts": [],
            "type": "L"
        },
        "model": "service.territory",
        "pk": 66
    },
    {
        "fields": {
            "abbreviation": "ser",
            "coast": false,
            "controlled_by": null,
            "display_name": "serbia",
            "neighbours": [
                20,
                33,
                47,
                53,
                60,
                73
            ],
            "shared_coasts": [],
            "type": "L"
        },
        "model": "service.territory",
        "pk": 67
    },
    {
        "fields": {
            "abbreviation": "sil",
            "coast": false,
            "controlled_by": 3,
            "display_name": "silesia",
            "neighbours": [
                24,
                59,
                62,
                64,
                72
            ],
            "shared_coasts": [],
            "type": "L"
        },
        "model": "service.territory",
        "pk": 68
    },
    {
        "fields": {
            "abbreviation": "tyr",
            "coast": false,
            "controlled_by": 4,
            "display_name": "tyrolia",
            "neighbours": [
                53,
                56,
                59,
                64,
                71
            ],
            "shared_coasts": [],
            "type": "L"
        },
        "model": "service.territory",
        "pk": 69
    },
    {
        "fields": {
            "abbreviation": "ukr",
            "coast": false,
            "controlled_by": 6,
            "display_name": "ukraine",
            "neighbours": [
                47,
                49,
                62,
                63,
                72
            ],
            "shared_coasts": [],
            "type": "L"
        },
        "model": "service.territory",
        "pk": 70
    },
    {
        "fields": {
            "abbreviation": "vie",
            "coast": false,
            "controlled_by": 4,
            "display_name": "vienna",
            "neighbours": [
                53,
                59,
                60,
                62,
                69
            ],
            "shared_coasts": [],
            "type": "L"
        },
        "model": "service.territory",
        "pk": 71
    },
    {
        "fields": {
            "abbreviation": "war",
            "coast": false,
            "controlled_by": 6,
            "display_name": "warsaw",
            "neighbours": [
                37,
                48,
                62,
                63,
                68,
                70
            ],
            "shared_coasts": [],
            "type": "L"
        },
        "model": "service.territory",
        "pk": 72
    },
    {
        "fields": {
            "abbreviation": "bul",
            "coast": false,
            "controlled_by": null,
            "display_name": "bulgaria",
            "neighbours": [
                2,
                5,
                28,
                33,
                47,
                67
            ],
            "shared_coasts": [],
            "type": "L"
        },
        "model": "service.territory",
        "pk": 73
    },
    {
        "fields": {
            "abbreviation": "spa",
            "coast": false,
            "controlled_by": null,
            "display_name": "spain",
            "neighbours": [
                32,
                39,
                45
            ],
            "shared_coasts": [],
            "type": "L"
        },
        "model": "service.territory",
        "pk": 74
    },
    {
        "fields": {
            "abbreviation": "stp",
            "coast": false,
            "controlled_by": 6,
            "display_name": "st. petersburg",
            "neighbours": [
                31,
                37,
                42,
                63
            ],
            "shared_coasts": [],
            "type": "L"
        },
        "model": "service.territory",
        "pk": 75
    },
    {
        "fields": {
            "abbreviation": "bul_ec",
            "coast": false,
            "controlled_by": null,
            "display_name": "bulgaria (north coast)",
            "neighbours": [
                5,
                28,
                47
            ],
            "shared_coasts": [],
            "type": "S"
        },
        "model": "service.territory",
        "pk": 76
    },
    {
        "fields": {
            "abbreviation": "bul_sc",
            "coast": false,
            "controlled_by": null,
            "display_name": "bulgaria (south coast)",
            "neighbours": [
                2,
                28,
                33
            ],
            "shared_coasts": [],
            "type": "S"
        },
        "model": "service.territory",
        "pk": 77
    },
    {
        "fields": {
            "abbreviation": "spa_nc",
            "coast": false,
            "controlled_by": null,
            "display_name": "spain (north coast)",
            "neighbours": [
                13,
                32,
                45
            ],
            "shared_coasts": [],
            "type": "S"
        },
        "model": "service.territory",
        "pk": 78
    },
    {
        "fields": {
            "abbreviation": "spa_sc",
            "coast": false,
            "controlled_by": null,
            "display_name": "spain (south coast)",
            "neighbours": [
                9,
                13,
                19,
                39,
                45
            ],
            "shared_coasts": [],
            "type": "S"
        },
        "model": "service.territory",
        "pk": 79
    },
    {
        "fields": {
            "abbreviation": "stp_sc",
            "coast": false,
            "controlled_by": null,
            "display_name": "st. petersburg (south coast)",
            "neighbours": [
                6,
                31,
                37
            ],
            "shared_coasts": [],
            "type": "S"
        },
        "model": "service.territory",
        "pk": 80
    },
    {
        "fields": {
            "abbreviation": "stp_nc",
            "coast": false,
            "controlled_by": null,
            "display_name": "st. petersburg (north coast)",
            "neighbours": [
                4,
                42
            ],
            "shared_coasts": [],
            "type": "S"
        },
        "model": "service.territory",
        "pk": 81
    },
    {
        "fields": {
            "codename": "add_logentry",
            "content_type": 1,
            "name": "Can add log entry"
        },
        "model": "auth.permission",
        "pk": 1
    },
    {
        "fields": {
            "codename": "change_logentry",
            "content_type": 1,
            "name": "Can change log entry"
        },
        "model": "auth.permission",
        "pk": 2
    },
    {
        "fields": {
            "codename": "delete_logentry",
            "content_type": 1,
            "name": "Can delete log entry"
        },
        "model": "auth.permission",
        "pk": 3
    },
    {
        "fields": {
            "codename": "view_logentry",
            "content_type": 1,
            "name": "Can view log entry"
        },
        "model": "auth.permission",
        "pk": 4
    },
    {
        "fields": {
            "codename": "add_permission",
            "content_type": 2,
            "name": "Can add permission"
        },
        "model": "auth.permission",
        "pk": 5
    },
    {
        "fields": {
            "codename": "change_permission",
            "content_type": 2,
            "name": "Can change permission"
        },
        "model": "auth.permission",
        "pk": 6
    },
    {
        "fields": {
            "codename": "delete_permission",
            "content_type": 2,
            "name": "Can delete permission"
        },
        "model": "auth.permission",
        "pk": 7
    },
    {
        "fields": {
            "codename": "view_permission",
            "content_type": 2,
            "name": "Can view permission"
        },
        "model": "auth.permission",
        "pk": 8
    },
    {
        "fields": {
            "codename": "add_group",
            "content_type": 3,
            "name": "Can add group"
        },
        "model": "auth.permission",
        "pk": 9
    },
    {
        "fields": {
            "codename": "change_group",
            "content_type": 3,
            "name": "Can change group"
        },
        "model": "auth.permission",
        "pk": 10
    },
    {
        "fields": {
            "codename": "delete_group",
            "content_type": 3,
            "name": "Can delete group"
        },
        "model": "auth.permission",
        "pk": 11
    },
    {
        "fields": {
            "codename": "view_group",
            "content_type": 3,
            "name": "Can view group"
        },
        "model": "auth.permission",
        "pk": 12
    },
    {
        "fields": {
            "codename": "add_user",
            "content_type": 4,
            "name": "Can add user"
        },
        "model": "auth.permission",
        "pk": 13
    },
    {
        "fields": {
            "codename": "change_user",
            "content_type": 4,
            "name": "Can change user"
        },
        "model": "auth.permission",
        "pk": 14
    },
    {
        "fields": {
            "codename": "delete_user",
            "content_type": 4,
            "name": "Can delete user"
        },
        "model": "auth.permission",
        "pk": 15
    },
    {
        "fields": {
            "codename": "view_user",
            "content_type": 4,
            "name": "Can view user"
        },
        "model": "auth.permission",
        "pk": 16
    },
    {
        "fields": {
            "codename": "add_contenttype",
            "content_type": 5,
            "name": "Can add content type"
        },
        "model": "auth.permission",
        "pk": 17
    },
    {
        "fields": {
            "codename": "change_contenttype",
            "content_type": 5,
            "name": "Can change content type"
        },
        "model": "auth.permission",
        "pk": 18
    },
    {
        "fields": {
            "codename": "delete_contenttype",
            "content_type": 5,
            "name": "Can delete content type"
        },
        "model": "auth.permission",
        "pk": 19
    },
    {
        "fields": {
            "codename": "view_contenttype",
            "content_type": 5,
            "name": "Can view content type"
        },
        "model": "auth.permission",
        "pk": 20
    },
    {
        "fields": {
            "codename": "add_session",
            "content_type": 6,
            "name": "Can add session"
        },
        "model": "auth.permission",
        "pk": 21
    },
    {
        "fields": {
            "codename": "change_session",
            "content_type": 6,
            "name": "Can change session"
        },
        "model": "auth.permission",
        "pk": 22
    },
    {
        "fields": {
            "codename": "delete_session",
            "content_type": 6,
            "name": "Can delete session"
        },
        "model": "auth.permission",
        "pk": 23
    },
    {
        "fields": {
            "codename": "view_session",
            "content_type": 6,
            "name": "Can view session"
        },
        "model": "auth.permission",
        "pk": 24
    },
    {
        "fields": {
            "codename": "add_piece",
            "content_type": 7,
            "name": "Can add piece"
        },
        "model": "auth.permission",
        "pk": 25
    },
    {
        "fields": {
            "codename": "change_piece",
            "content_type": 7,
            "name": "Can change piece"
        },
        "model": "auth.permission",
        "pk": 26
    },
    {
        "fields": {
            "codename": "delete_piece",
            "content_type": 7,
            "name": "Can delete piece"
        },
        "model": "auth.permission",
        "pk": 27
    },
    {
        "fields": {
            "codename": "view_piece",
            "content_type": 7,
            "name": "Can view piece"
        },
        "model": "auth.permission",
        "pk": 28
    },
    {
        "fields": {
            "codename": "add_supplycenter",
            "content_type": 8,
            "name": "Can add supply center"
        },
        "model": "auth.permission",
        "pk": 29
    },
    {
        "fields": {
            "codename": "change_supplycenter",
            "content_type": 8,
            "name": "Can change supply center"
        },
        "model": "auth.permission",
        "pk": 30
    },
    {
        "fields": {
            "codename": "delete_supplycenter",
            "content_type": 8,
            "name": "Can delete supply center"
        },
        "model": "auth.permission",
        "pk": 31
    },
    {
        "fields": {
            "codename": "view_supplycenter",
            "content_type": 8,
            "name": "Can view supply center"
        },
        "model": "auth.permission",
        "pk": 32
    },
    {
        "fields": {
            "codename": "add_phase",
            "content_type": 9,
            "name": "Can add phase"
        },
        "model": "auth.permission",
        "pk": 33
    },
    {
        "fields": {
            "codename": "change_phase",
            "content_type": 9,
            "name": "Can change phase"
        },
        "model": "auth.permission",
        "pk": 34
    },
    {
        "fields": {
            "codename": "delete_phase",
            "content_type": 9,
            "name": "Can delete phase"
        },
        "model": "auth.permission",
        "pk": 35
    },
    {
        "fields": {
            "codename": "view_phase",
            "content_type": 9,
            "name": "Can view phase"
        },
        "model": "auth.permission",
        "pk": 36
    },
    {
        "fields": {
            "codename": "add_order",
            "content_type": 10,
            "name": "Can add order"
        },
        "model": "auth.permission",
        "pk": 37
    },
    {
        "fields": {
            "codename": "change_order",
            "content_type": 10,
            "name": "Can change order"
        },
        "model": "auth.permission",
        "pk": 38
    },
    {
        "fields": {
            "codename": "delete_order",
            "content_type": 10,
            "name": "Can delete order"
        },
        "model": "auth.permission",
        "pk": 39
    },
    {
        "fields": {
            "codename": "view_order",
            "content_type": 10,
            "name": "Can view order"
        },
        "model": "auth.permission",
        "pk": 40
    },
    {
        "fields": {
            "codename": "add_message",
            "content_type": 11,
            "name": "Can add message"
        },
        "model": "auth.permission",
        "pk": 41
    },
    {
        "fields": {
            "codename": "change_message",
            "content_type": 11,
            "name": "Can change message"
        },
        "model": "auth.permission",
        "pk": 42
    },
    {
        "fields": {
            "codename": "delete_message",
            "content_type": 11,
            "name": "Can delete message"
        },
        "model": "auth.permission",
        "pk": 43
    },
    {
        "fields": {
            "codename": "view_message",
            "content_type": 11,
            "name": "Can view message"
        },
        "model": "auth.permission",
        "pk": 44
    },
    {
        "fields": {
            "codename": "add_command",
            "content_type": 12,
            "name": "Can add command"
        },
        "model": "auth.permission",
        "pk": 45
    },
    {
        "fields": {
            "codename": "change_command",
            "content_type": 12,
            "name": "Can change command"
        },
        "model": "auth.permission",
        "pk": 46
    },
    {
        "fields": {
            "codename": "delete_command",
            "content_type": 12,
            "name": "Can delete command"
        },
        "model": "auth.permission",
        "pk": 47
    },
    {
        "fields": {
            "codename": "view_command",
            "content_type": 12,
            "name": "Can view command"
        },
        "model": "auth.permission",
        "pk": 48
    },
    {
        "fields": {
            "codename": "add_turn",
            "content_type": 13,
            "name": "Can add turn"
        },
        "model": "auth.permission",
        "pk": 49
    },
    {
        "fields": {
            "codename": "change_turn",
            "content_type": 13,
            "name": "Can change turn"
        },
        "model": "auth.permission",
        "pk": 50
    },
    {
        "fields": {
            "codename": "delete_turn",
            "content_type": 13,
            "name": "Can delete turn"
        },
        "model": "auth.permission",
        "pk": 51
    },
    {
        "fields": {
            "codename": "view_turn",
            "content_type": 13,
            "name": "Can view turn"
        },
        "model": "auth.permission",
        "pk": 52
    },
    {
        "fields": {
            "codename": "add_nation",
            "content_type": 14,
            "name": "Can add nation"
        },
        "model": "auth.permission",
        "pk": 53
    },
    {
        "fields": {
            "codename": "change_nation",
            "content_type": 14,
            "name": "Can change nation"
        },
        "model": "auth.permission",
        "pk": 54
    },
    {
        "fields": {
            "codename": "delete_nation",
            "content_type": 14,
            "name": "Can delete nation"
        },
        "model": "auth.permission",
        "pk": 55
    },
    {
        "fields": {
            "codename": "view_nation",
            "content_type": 14,
            "name": "Can view nation"
        },
        "model": "auth.permission",
        "pk": 56
    },
    {
        "fields": {
            "codename": "add_game",
            "content_type": 15,
            "name": "Can add game"
        },
        "model": "auth.permission",
        "pk": 57
    },
    {
        "fields": {
            "codename": "change_game",
            "content_type": 15,
            "name": "Can change game"
        },
        "model": "auth.permission",
        "pk": 58
    },
    {
        "fields": {
            "codename": "delete_game",
            "content_type": 15,
            "name": "Can delete game"
        },
        "model": "auth.permission",
        "pk": 59
    },
    {
        "fields": {
            "codename": "view_game",
            "content_type": 15,
            "name": "Can view game"
        },
        "model": "auth.permission",
        "pk": 60
    },
    {
        "fields": {
            "codename": "add_announcement",
            "content_type": 16,
            "name": "Can add announcement"
        },
        "model": "auth.permission",
        "pk": 61
    },
    {
        "fields": {
            "codename": "change_announcement",
            "content_type": 16,
            "name": "Can change announcement"
        },
        "model": "auth.permission",
        "pk": 62
    },
    {
        "fields": {
            "codename": "delete_announcement",
            "content_type": 16,
            "name": "Can delete announcement"
        },
        "model": "auth.permission",
        "pk": 63
    },
    {
        "fields": {
            "codename": "view_announcement",
            "content_type": 16,
            "name": "Can view announcement"
        },
        "model": "auth.permission",
        "pk": 64
    },
    {
        "fields": {
            "codename": "add_territory",
            "content_type": 17,
            "name": "Can add territory"
        },
        "model": "auth.permission",
        "pk": 65
    },
    {
        "fields": {
            "codename": "change_territory",
            "content_type": 17,
            "name": "Can change territory"
        },
        "model": "auth.permission",
        "pk": 66
    },
    {
        "fields": {
            "codename": "delete_territory",
            "content_type": 17,
            "name": "Can delete territory"
        },
        "model": "auth.permission",
        "pk": 67
    },
    {
        "fields": {
            "codename": "view_territory",
            "content_type": 17,
            "name": "Can view territory"
        },
        "model": "auth.permission",
        "pk": 68
    }
]
