[{"model": "contenttypes.contenttype", "pk": 1, "fields": {"app_label": "admin", "model": "logentry"}}, {"model": "contenttypes.contenttype", "pk": 2, "fields": {"app_label": "auth", "model": "permission"}}, {"model": "contenttypes.contenttype", "pk": 3, "fields": {"app_label": "auth", "model": "group"}}, {"model": "contenttypes.contenttype", "pk": 4, "fields": {"app_label": "auth", "model": "user"}}, {"model": "contenttypes.contenttype", "pk": 5, "fields": {"app_label": "contenttypes", "model": "contenttype"}}, {"model": "contenttypes.contenttype", "pk": 6, "fields": {"app_label": "sessions", "model": "session"}}, {"model": "contenttypes.contenttype", "pk": 7, "fields": {"app_label": "service", "model": "piece"}}, {"model": "contenttypes.contenttype", "pk": 8, "fields": {"app_label": "service", "model": "supplycenter"}}, {"model": "contenttypes.contenttype", "pk": 9, "fields": {"app_label": "service", "model": "phase"}}, {"model": "contenttypes.contenttype", "pk": 10, "fields": {"app_label": "service", "model": "order"}}, {"model": "contenttypes.contenttype", "pk": 11, "fields": {"app_label": "service", "model": "message"}}, {"model": "contenttypes.contenttype", "pk": 12, "fields": {"app_label": "service", "model": "command"}}, {"model": "contenttypes.contenttype", "pk": 13, "fields": {"app_label": "service", "model": "turn"}}, {"model": "contenttypes.contenttype", "pk": 14, "fields": {"app_label": "service", "model": "nation"}}, {"model": "contenttypes.contenttype", "pk": 15, "fields": {"app_label": "service", "model": "game"}}, {"model": "contenttypes.contenttype", "pk": 16, "fields": {"app_label": "service", "model": "announcement"}}, {"model": "contenttypes.contenttype", "pk": 17, "fields": {"app_label": "service", "model": "territory"}}, {"model": "service.nation", "pk": 1, "fields": {"name": "england", "active": true}}, {"model": "service.nation", "pk": 2, "fields": {"name": "france", "active": true}}, {"model": "service.nation", "pk": 3, "fields": {"name": "germany", "active": true}}, {"model": "service.nation", "pk": 4, "fields": {"name": "austria-hungary", "active": true}}, {"model": "service.nation", "pk": 5, "fields": {"name": "italy", "active": true}}, {"model": "service.nation", "pk": 6, "fields": {"name": "russia", "active": true}}, {"model": "service.nation", "pk": 7, "fields": {"name": "turkey", "active": true}}, {"model": "service.piece", "pk": 1, "fields": {"nation": 1, "type": "F", "territory": 36, "challenging": null, "must_retreat": false, "must_disband": false, "active": true}}, {"model": "service.piece", "pk": 2, "fields": {"nation": 1, "type": "F", "territory": 30, "challenging": null, "must_retreat": false, "must_disband": false, "active": true}}, {"model": "service.piece", "pk": 3, "fields": {"nation": 1, "type": "A", "territory": 38, "challenging": null, "must_retreat": false, "must_disband": false, "active": true}}, {"model": "service.piece", "pk": 4, "fields": {"nation": 4, "type": "A", "territory": 71, "challenging": null, "must_retreat": false, "must_disband": false, "active": true}}, {"model": "service.piece", "pk": 5, "fields": {"nation": 4, "type": "A", "territory": 60, "challenging": null, "must_retreat": false, "must_disband": false, "active": true}}, {"model": "service.piece", "pk": 6, "fields": {"nation": 4, "type": "F", "territory": 53, "challenging": null, "must_retreat": false, "must_disband": false, "active": true}}, {"model": "service.piece", "pk": 7, "fields": {"nation": 2, "type": "A", "territory": 65, "challenging": null, "must_retreat": false, "must_disband": false, "active": true}}, {"model": "service.piece", "pk": 8, "fields": {"nation": 2, "type": "A", "territory": 39, "challenging": null, "must_retreat": false, "must_disband": false, "active": true}}, {"model": "service.piece", "pk": 9, "fields": {"nation": 2, "type": "F", "territory": 26, "challenging": null, "must_retreat": false, "must_disband": false, "active": true}}, {"model": "service.piece", "pk": 10, "fields": {"nation": 3, "type": "A", "territory": 24, "challenging": null, "must_retreat": false, "must_disband": false, "active": true}}, {"model": "service.piece", "pk": 11, "fields": {"nation": 3, "type": "A", "territory": 64, "challenging": null, "must_retreat": false, "must_disband": false, "active": true}}, {"model": "service.piece", "pk": 12, "fields": {"nation": 3, "type": "F", "territory": 35, "challenging": null, "must_retreat": false, "must_disband": false, "active": true}}, {"model": "service.piece", "pk": 13, "fields": {"nation": 5, "type": "A", "territory": 46, "challenging": null, "must_retreat": false, "must_disband": false, "active": true}}, {"model": "service.piece", "pk": 14, "fields": {"nation": 5, "type": "A", "territory": 56, "challenging": null, "must_retreat": false, "must_disband": false, "active": true}}, {"model": "service.piece", "pk": 15, "fields": {"nation": 5, "type": "F", "territory": 41, "challenging": null, "must_retreat": false, "must_disband": false, "active": true}}, {"model": "service.piece", "pk": 16, "fields": {"nation": 6, "type": "A", "territory": 63, "challenging": null, "must_retreat": false, "must_disband": false, "active": true}}, {"model": "service.piece", "pk": 17, "fields": {"nation": 6, "type": "F", "territory": 49, "challenging": null, "must_retreat": false, "must_disband": false, "active": true}}, {"model": "service.piece", "pk": 18, "fields": {"nation": 6, "type": "A", "territory": 72, "challenging": null, "must_retreat": false, "must_disband": false, "active": true}}, {"model": "service.piece", "pk": 19, "fields": {"nation": 6, "type": "F", "territory": 75, "challenging": null, "must_retreat": false, "must_disband": false, "active": true}}, {"model": "service.piece", "pk": 20, "fields": {"nation": 7, "type": "F", "territory": 21, "challenging": null, "must_retreat": false, "must_disband": false, "active": true}}, {"model": "service.piece", "pk": 21, "fields": {"nation": 7, "type": "A", "territory": 28, "challenging": null, "must_retreat": false, "must_disband": false, "active": true}}, {"model": "service.piece", "pk": 22, "fields": {"nation": 7, "type": "A", "territory": 50, "challenging": null, "must_retreat": false, "must_disband": false, "active": true}}, {"model": "service.phase", "pk": 1, "fields": {"season": "S", "type": "O"}}, {"model": "service.supplycenter", "pk": 21, "fields": {"controlled_by": 7, "nationality": 7}}, {"model": "service.supplycenter", "pk": 24, "fields": {"controlled_by": 3, "nationality": 3}}, {"model": "service.supplycenter", "pk": 25, "fields": {"controlled_by": null, "nationality": null}}, {"model": "service.supplycenter", "pk": 26, "fields": {"controlled_by": 2, "nationality": 2}}, {"model": "service.supplycenter", "pk": 28, "fields": {"controlled_by": 7, "nationality": 7}}, {"model": "service.supplycenter", "pk": 29, "fields": {"controlled_by": null, "nationality": null}}, {"model": "service.supplycenter", "pk": 30, "fields": {"controlled_by": 1, "nationality": 1}}, {"model": "service.supplycenter", "pk": 33, "fields": {"controlled_by": null, "nationality": null}}, {"model": "service.supplycenter", "pk": 34, "fields": {"controlled_by": null, "nationality": null}}, {"model": "service.supplycenter", "pk": 35, "fields": {"controlled_by": 3, "nationality": 3}}, {"model": "service.supplycenter", "pk": 36, "fields": {"controlled_by": 1, "nationality": 1}}, {"model": "service.supplycenter", "pk": 38, "fields": {"controlled_by": 1, "nationality": 1}}, {"model": "service.supplycenter", "pk": 39, "fields": {"controlled_by": 2, "nationality": 2}}, {"model": "service.supplycenter", "pk": 41, "fields": {"controlled_by": 5, "nationality": 5}}, {"model": "service.supplycenter", "pk": 42, "fields": {"controlled_by": null, "nationality": null}}, {"model": "service.supplycenter", "pk": 45, "fields": {"controlled_by": null, "nationality": null}}, {"model": "service.supplycenter", "pk": 46, "fields": {"controlled_by": 5, "nationality": 5}}, {"model": "service.supplycenter", "pk": 47, "fields": {"controlled_by": null, "nationality": null}}, {"model": "service.supplycenter", "pk": 49, "fields": {"controlled_by": 6, "nationality": 6}}, {"model": "service.supplycenter", "pk": 50, "fields": {"controlled_by": 7, "nationality": 7}}, {"model": "service.supplycenter", "pk": 51, "fields": {"controlled_by": null, "nationality": null}}, {"model": "service.supplycenter", "pk": 53, "fields": {"controlled_by": 4, "nationality": 4}}, {"model": "service.supplycenter", "pk": 54, "fields": {"controlled_by": null, "nationality": null}}, {"model": "service.supplycenter", "pk": 56, "fields": {"controlled_by": 5, "nationality": 5}}, {"model": "service.supplycenter", "pk": 60, "fields": {"controlled_by": 4, "nationality": 4}}, {"model": "service.supplycenter", "pk": 63, "fields": {"controlled_by": 6, "nationality": 6}}, {"model": "service.supplycenter", "pk": 64, "fields": {"controlled_by": 3, "nationality": 3}}, {"model": "service.supplycenter", "pk": 65, "fields": {"controlled_by": 2, "nationality": 2}}, {"model": "service.supplycenter", "pk": 67, "fields": {"controlled_by": null, "nationality": null}}, {"model": "service.supplycenter", "pk": 71, "fields": {"controlled_by": 4, "nationality": 4}}, {"model": "service.supplycenter", "pk": 72, "fields": {"controlled_by": 6, "nationality": 6}}, {"model": "service.supplycenter", "pk": 73, "fields": {"controlled_by": null, "nationality": null}}, {"model": "service.supplycenter", "pk": 74, "fields": {"controlled_by": null, "nationality": null}}, {"model": "service.supplycenter", "pk": 75, "fields": {"controlled_by": 6, "nationality": 6}}, {"model": "service.territory", "pk": 1, "fields": {"abbreviation": "adr", "display_name": "adriatic sea", "controlled_by": null, "type": "S", "coast": false, "neighbours": [11, 20, 22, 53, 56], "shared_coasts": []}}, {"model": "service.territory", "pk": 2, "fields": {"abbreviation": "aeg", "display_name": "aegean sea", "controlled_by": null, "type": "S", "coast": false, "neighbours": [7, 11, 28, 33, 50, 73, 77], "shared_coasts": []}}, {"model": "service.territory", "pk": 3, "fields": {"abbreviation": "bal", "display_name": "baltic sea", "controlled_by": null, "type": "S", "coast": false, "neighbours": [6, 24, 29, 35, 37, 48, 51], "shared_coasts": []}}, {"model": "service.territory", "pk": 4, "fields": {"abbreviation": "bar", "display_name": "barrents sea", "controlled_by": null, "type": "S", "coast": false, "neighbours": [15, 42, 81], "shared_coasts": []}}, {"model": "service.territory", "pk": 5, "fields": {"abbreviation": "bla", "display_name": "black sea", "controlled_by": null, "type": "S", "coast": false, "neighbours": [21, 28, 47, 49, 73, 76], "shared_coasts": []}}, {"model": "service.territory", "pk": 6, "fields": {"abbreviation": "bot", "display_name": "gulf of bothnia", "controlled_by": null, "type": "S", "coast": false, "neighbours": [3, 31, 37, 51, 80], "shared_coasts": []}}, {"model": "service.territory", "pk": 7, "fields": {"abbreviation": "eas", "display_name": "eastern mediterranean", "controlled_by": null, "type": "S", "coast": false, "neighbours": [2, 50, 52], "shared_coasts": []}}, {"model": "service.territory", "pk": 8, "fields": {"abbreviation": "eng", "display_name": "english channel", "controlled_by": null, "type": "S", "coast": false, "neighbours": [12, 13, 16, 25, 26, 36, 43, 57], "shared_coasts": []}}, {"model": "service.territory", "pk": 9, "fields": {"abbreviation": "gol", "display_name": "gulf of lyon", "controlled_by": null, "type": "S", "coast": false, "neighbours": [18, 19, 39, 44, 55, 79], "shared_coasts": []}}, {"model": "service.territory", "pk": 10, "fields": {"abbreviation": "hel", "display_name": "heligoland blight", "controlled_by": null, "type": "S", "coast": false, "neighbours": [16, 29, 34, 35], "shared_coasts": []}}, {"model": "service.territory", "pk": 11, "fields": {"abbreviation": "ion", "display_name": "ionian sea", "controlled_by": null, "type": "S", "coast": false, "neighbours": [1, 2, 18, 20, 22, 33, 41, 54], "shared_coasts": []}}, {"model": "service.territory", "pk": 12, "fields": {"abbreviation": "iri", "display_name": "irish sea", "controlled_by": null, "type": "S", "coast": false, "neighbours": [8, 13, 14, 27, 38, 57], "shared_coasts": []}}, {"model": "service.territory", "pk": 13, "fields": {"abbreviation": "mid", "display_name": "mid_atlantic ocean", "controlled_by": null, "type": "S", "coast": false, "neighbours": [8, 12, 14, 19, 26, 32, 40, 45, 78, 79], "shared_coasts": []}}, {"model": "service.territory", "pk": 14, "fields": {"abbreviation": "nat", "display_name": "north atlantic", "controlled_by": null, "type": "S", "coast": false, "neighbours": [12, 13, 15, 27, 30, 38], "shared_coasts": []}}, {"model": "service.territory", "pk": 15, "fields": {"abbreviation": "nrg", "display_name": "norwegian sea", "controlled_by": null, "type": "S", "coast": false, "neighbours": [4, 14, 16, 27, 30, 42], "shared_coasts": []}}, {"model": "service.territory", "pk": 16, "fields": {"abbreviation": "nth", "display_name": "north sea", "controlled_by": null, "type": "S", "coast": false, "neighbours": [8, 10, 15, 17, 29, 30, 34, 36, 42, 58], "shared_coasts": []}}, {"model": "service.territory", "pk": 17, "fields": {"abbreviation": "ska", "display_name": "skagerrack", "controlled_by": null, "type": "S", "coast": false, "neighbours": [16, 29, 42, 51], "shared_coasts": []}}, {"model": "service.territory", "pk": 18, "fields": {"abbreviation": "tyn", "display_name": "tyrrhenian sea", "controlled_by": null, "type": "S", "coast": false, "neighbours": [9, 11, 19, 41, 46, 54, 55, 56], "shared_coasts": []}}, {"model": "service.territory", "pk": 19, "fields": {"abbreviation": "wes", "display_name": "western mediterranean", "controlled_by": null, "type": "S", "coast": false, "neighbours": [9, 13, 18, 40, 54, 79], "shared_coasts": []}}, {"model": "service.territory", "pk": 20, "fields": {"abbreviation": "alb", "display_name": "albania", "controlled_by": null, "type": "L", "coast": true, "neighbours": [1, 11, 33, 53, 67], "shared_coasts": [33, 53]}}, {"model": "service.territory", "pk": 21, "fields": {"abbreviation": "ank", "display_name": "ankara", "controlled_by": 7, "type": "L", "coast": true, "neighbours": [5, 23, 28, 50], "shared_coasts": [23, 28]}}, {"model": "service.territory", "pk": 22, "fields": {"abbreviation": "apu", "display_name": "apulia", "controlled_by": 5, "type": "L", "coast": true, "neighbours": [1, 11, 41, 46, 56], "shared_coasts": [41, 56]}}, {"model": "service.territory", "pk": 23, "fields": {"abbreviation": "arm", "display_name": "armenia", "controlled_by": 7, "type": "L", "coast": true, "neighbours": [21, 49, 50, 52], "shared_coasts": [21, 49]}}, {"model": "service.territory", "pk": 24, "fields": {"abbreviation": "ber", "display_name": "berlin", "controlled_by": 3, "type": "L", "coast": true, "neighbours": [3, 35, 48, 64, 68], "shared_coasts": [35, 48]}}, {"model": "service.territory", "pk": 25, "fields": {"abbreviation": "bel", "display_name": "belgium", "controlled_by": null, "type": "L", "coast": true, "neighbours": [8, 34, 43, 61], "shared_coasts": [34, 43]}}, {"model": "service.territory", "pk": 26, "fields": {"abbreviation": "bre", "display_name": "brest", "controlled_by": 2, "type": "L", "coast": true, "neighbours": [8, 13, 32, 43, 61, 65, 66], "shared_coasts": [32, 43]}}, {"model": "service.territory", "pk": 27, "fields": {"abbreviation": "cly", "display_name": "clyde", "controlled_by": 1, "type": "L", "coast": true, "neighbours": [12, 14, 15, 30, 38], "shared_coasts": [30, 38]}}, {"model": "service.territory", "pk": 28, "fields": {"abbreviation": "con", "display_name": "constantinople", "controlled_by": 7, "type": "L", "coast": true, "neighbours": [2, 5, 21, 50, 73, 76, 77], "shared_coasts": [21, 50]}}, {"model": "service.territory", "pk": 29, "fields": {"abbreviation": "den", "display_name": "denmark", "controlled_by": null, "type": "L", "coast": true, "neighbours": [3, 10, 16, 17, 35, 51], "shared_coasts": [35, 51]}}, {"model": "service.territory", "pk": 30, "fields": {"abbreviation": "edi", "display_name": "edinburgh", "controlled_by": 1, "type": "L", "coast": true, "neighbours": [14, 15, 16, 27, 38, 58], "shared_coasts": [27, 58]}}, {"model": "service.territory", "pk": 31, "fields": {"abbreviation": "fin", "display_name": "finland", "controlled_by": 6, "type": "L", "coast": true, "neighbours": [6, 42, 51, 75, 80], "shared_coasts": [51]}}, {"model": "service.territory", "pk": 32, "fields": {"abbreviation": "gas", "display_name": "gascony", "controlled_by": 2, "type": "L", "coast": true, "neighbours": [13, 26, 39, 61, 65, 74, 78], "shared_coasts": [26]}}, {"model": "service.territory", "pk": 33, "fields": {"abbreviation": "gre", "display_name": "greece", "controlled_by": null, "type": "L", "coast": true, "neighbours": [2, 11, 20, 67, 73, 77], "shared_coasts": [20]}}, {"model": "service.territory", "pk": 34, "fields": {"abbreviation": "hol", "display_name": "holland", "controlled_by": null, "type": "L", "coast": true, "neighbours": [10, 16, 25, 35, 66], "shared_coasts": [25, 35]}}, {"model": "service.territory", "pk": 35, "fields": {"abbreviation": "kie", "display_name": "kiel", "controlled_by": 3, "type": "L", "coast": true, "neighbours": [3, 10, 24, 29, 34, 64, 66], "shared_coasts": [24, 29, 34]}}, {"model": "service.territory", "pk": 36, "fields": {"abbreviation": "lon", "display_name": "london", "controlled_by": 1, "type": "L", "coast": true, "neighbours": [8, 16, 57, 58], "shared_coasts": [57, 58]}}, {"model": "service.territory", "pk": 37, "fields": {"abbreviation": "lvn", "display_name": "livonia", "controlled_by": 6, "type": "L", "coast": true, "neighbours": [3, 6, 48, 63, 72, 75, 80], "shared_coasts": [48]}}, {"model": "service.territory", "pk": 38, "fields": {"abbreviation": "lvp", "display_name": "liverpool", "controlled_by": 1, "type": "L", "coast": true, "neighbours": [12, 14, 27, 30, 57, 58], "shared_coasts": [27, 57]}}, {"model": "service.territory", "pk": 39, "fields": {"abbreviation": "mar", "display_name": "marseilles", "controlled_by": 2, "type": "L", "coast": true, "neighbours": [9, 32, 44, 61, 74, 79], "shared_coasts": [44]}}, {"model": "service.territory", "pk": 40, "fields": {"abbreviation": "naf", "display_name": "north africa", "controlled_by": null, "type": "L", "coast": true, "neighbours": [13, 19, 54], "shared_coasts": [54]}}, {"model": "service.territory", "pk": 41, "fields": {"abbreviation": "nap", "display_name": "naples", "controlled_by": 5, "type": "L", "coast": true, "neighbours": [11, 18, 22, 46], "shared_coasts": [22, 46]}}, {"model": "service.territory", "pk": 42, "fields": {"abbreviation": "nwy", "display_name": "norway", "controlled_by": null, "type": "L", "coast": true, "neighbours": [4, 15, 16, 17, 31, 51, 75, 81], "shared_coasts": [51]}}, {"model": "service.territory", "pk": 43, "fields": {"abbreviation": "pic", "display_name": "picardy", "controlled_by": 2, "type": "L", "coast": true, "neighbours": [8, 25, 26, 61, 65], "shared_coasts": [25, 26]}}, {"model": "service.territory", "pk": 44, "fields": {"abbreviation": "pie", "display_name": "piedmont", "controlled_by": 5, "type": "L", "coast": true, "neighbours": [9, 39, 55, 56], "shared_coasts": [39, 55]}}, {"model": "service.territory", "pk": 45, "fields": {"abbreviation": "por", "display_name": "portugal", "controlled_by": null, "type": "L", "coast": true, "neighbours": [13, 74, 78, 79], "shared_coasts": []}}, {"model": "service.territory", "pk": 46, "fields": {"abbreviation": "rom", "display_name": "rome", "controlled_by": 5, "type": "L", "coast": true, "neighbours": [18, 22, 41, 55, 56], "shared_coasts": [41, 55]}}, {"model": "service.territory", "pk": 47, "fields": {"abbreviation": "rum", "display_name": "rumania", "controlled_by": null, "type": "L", "coast": true, "neighbours": [5, 49, 60, 62, 63, 67, 70, 73, 76], "shared_coasts": [49]}}, {"model": "service.territory", "pk": 48, "fields": {"abbreviation": "pru", "display_name": "prussia", "controlled_by": 3, "type": "L", "coast": true, "neighbours": [3, 24, 37, 72], "shared_coasts": [24, 37]}}, {"model": "service.territory", "pk": 49, "fields": {"abbreviation": "sev", "display_name": "sevastapol", "controlled_by": 6, "type": "L", "coast": true, "neighbours": [5, 23, 47, 63, 70], "shared_coasts": [23, 47]}}, {"model": "service.territory", "pk": 50, "fields": {"abbreviation": "smy", "display_name": "smyrna", "controlled_by": 7, "type": "L", "coast": true, "neighbours": [2, 7, 21, 23, 28, 52], "shared_coasts": [28, 52]}}, {"model": "service.territory", "pk": 51, "fields": {"abbreviation": "swe", "display_name": "sweden", "controlled_by": null, "type": "L", "coast": true, "neighbours": [3, 6, 17, 29, 31, 42], "shared_coasts": [29, 31, 42]}}, {"model": "service.territory", "pk": 52, "fields": {"abbreviation": "syr", "display_name": "syria", "controlled_by": 7, "type": "L", "coast": true, "neighbours": [7, 23, 50, 53], "shared_coasts": [50]}}, {"model": "service.territory", "pk": 53, "fields": {"abbreviation": "tri", "display_name": "trieste", "controlled_by": 4, "type": "L", "coast": true, "neighbours": [1, 20, 52, 56, 60, 67, 69, 71], "shared_coasts": [20, 56]}}, {"model": "service.territory", "pk": 54, "fields": {"abbreviation": "tun", "display_name": "tunis", "controlled_by": null, "type": "L", "coast": true, "neighbours": [11, 18, 19, 40], "shared_coasts": [40]}}, {"model": "service.territory", "pk": 55, "fields": {"abbreviation": "tus", "display_name": "tuscany", "controlled_by": 5, "type": "L", "coast": true, "neighbours": [9, 18, 44, 46], "shared_coasts": [44, 46]}}, {"model": "service.territory", "pk": 56, "fields": {"abbreviation": "ven", "display_name": "venice", "controlled_by": 5, "type": "L", "coast": true, "neighbours": [1, 18, 22, 44, 46, 53, 69], "shared_coasts": [22, 53]}}, {"model": "service.territory", "pk": 57, "fields": {"abbreviation": "wal", "display_name": "wales", "controlled_by": 1, "type": "L", "coast": true, "neighbours": [8, 12, 36, 38, 58], "shared_coasts": [36, 38]}}, {"model": "service.territory", "pk": 58, "fields": {"abbreviation": "yor", "display_name": "yorkshire", "controlled_by": 1, "type": "L", "coast": true, "neighbours": [16, 30, 36, 38, 57], "shared_coasts": [30, 36]}}, {"model": "service.territory", "pk": 59, "fields": {"abbreviation": "boh", "display_name": "bohemia", "controlled_by": 4, "type": "L", "coast": false, "neighbours": [62, 64, 68, 69, 71], "shared_coasts": []}}, {"model": "service.territory", "pk": 60, "fields": {"abbreviation": "bud", "display_name": "budapest", "controlled_by": 4, "type": "L", "coast": false, "neighbours": [47, 53, 62, 67, 71], "shared_coasts": []}}, {"model": "service.territory", "pk": 61, "fields": {"abbreviation": "bur", "display_name": "burgundy", "controlled_by": 2, "type": "L", "coast": false, "neighbours": [25, 26, 32, 39, 43, 64, 65, 66], "shared_coasts": []}}, {"model": "service.territory", "pk": 62, "fields": {"abbreviation": "gal", "display_name": "galicia", "controlled_by": 4, "type": "L", "coast": false, "neighbours": [47, 59, 60, 68, 70, 71, 72], "shared_coasts": []}}, {"model": "service.territory", "pk": 63, "fields": {"abbreviation": "mos", "display_name": "moscow", "controlled_by": 6, "type": "L", "coast": false, "neighbours": [37, 47, 49, 70, 72, 75], "shared_coasts": []}}, {"model": "service.territory", "pk": 64, "fields": {"abbreviation": "mun", "display_name": "munich", "controlled_by": 3, "type": "L", "coast": false, "neighbours": [24, 35, 59, 61, 66, 68, 69], "shared_coasts": []}}, {"model": "service.territory", "pk": 65, "fields": {"abbreviation": "par", "display_name": "paris", "controlled_by": 2, "type": "L", "coast": false, "neighbours": [26, 32, 43, 61], "shared_coasts": []}}, {"model": "service.territory", "pk": 66, "fields": {"abbreviation": "ruh", "display_name": "ruhr", "controlled_by": 3, "type": "L", "coast": false, "neighbours": [26, 34, 35, 61, 64], "shared_coasts": []}}, {"model": "service.territory", "pk": 67, "fields": {"abbreviation": "ser", "display_name": "serbia", "controlled_by": null, "type": "L", "coast": false, "neighbours": [20, 33, 47, 53, 60, 73], "shared_coasts": []}}, {"model": "service.territory", "pk": 68, "fields": {"abbreviation": "sil", "display_name": "silesia", "controlled_by": 3, "type": "L", "coast": false, "neighbours": [24, 59, 62, 64, 72], "shared_coasts": []}}, {"model": "service.territory", "pk": 69, "fields": {"abbreviation": "tyr", "display_name": "tyrolia", "controlled_by": 4, "type": "L", "coast": false, "neighbours": [53, 56, 59, 64, 71], "shared_coasts": []}}, {"model": "service.territory", "pk": 70, "fields": {"abbreviation": "ukr", "display_name": "ukraine", "controlled_by": 6, "type": "L", "coast": false, "neighbours": [47, 49, 62, 63, 72], "shared_coasts": []}}, {"model": "service.territory", "pk": 71, "fields": {"abbreviation": "vie", "display_name": "vienna", "controlled_by": 4, "type": "L", "coast": false, "neighbours": [53, 59, 60, 62, 69], "shared_coasts": []}}, {"model": "service.territory", "pk": 72, "fields": {"abbreviation": "war", "display_name": "warsaw", "controlled_by": 6, "type": "L", "coast": false, "neighbours": [37, 48, 62, 63, 68, 70], "shared_coasts": []}}, {"model": "service.territory", "pk": 73, "fields": {"abbreviation": "bul", "display_name": "bulgaria", "controlled_by": null, "type": "L", "coast": false, "neighbours": [2, 5, 28, 33, 47, 67], "shared_coasts": []}}, {"model": "service.territory", "pk": 74, "fields": {"abbreviation": "spa", "display_name": "spain", "controlled_by": null, "type": "L", "coast": false, "neighbours": [32, 39, 45], "shared_coasts": []}}, {"model": "service.territory", "pk": 75, "fields": {"abbreviation": "stp", "display_name": "st. petersburg", "controlled_by": 6, "type": "L", "coast": false, "neighbours": [31, 37, 42, 63], "shared_coasts": []}}, {"model": "service.territory", "pk": 76, "fields": {"abbreviation": "bul_ec", "display_name": "bulgaria (north coast)", "controlled_by": null, "type": "S", "coast": false, "neighbours": [5, 28, 47], "shared_coasts": []}}, {"model": "service.territory", "pk": 77, "fields": {"abbreviation": "bul_sc", "display_name": "bulgaria (south coast)", "controlled_by": null, "type": "S", "coast": false, "neighbours": [2, 28, 33], "shared_coasts": []}}, {"model": "service.territory", "pk": 78, "fields": {"abbreviation": "spa_nc", "display_name": "spain (north coast)", "controlled_by": null, "type": "S", "coast": false, "neighbours": [13, 32, 45], "shared_coasts": []}}, {"model": "service.territory", "pk": 79, "fields": {"abbreviation": "spa_sc", "display_name": "spain (south coast)", "controlled_by": null, "type": "S", "coast": false, "neighbours": [9, 13, 19, 39, 45], "shared_coasts": []}}, {"model": "service.territory", "pk": 80, "fields": {"abbreviation": "stp_sc", "display_name": "st. petersburg (south coast)", "controlled_by": null, "type": "S", "coast": false, "neighbours": [6, 31, 37], "shared_coasts": []}}, {"model": "service.territory", "pk": 81, "fields": {"abbreviation": "stp_nc", "display_name": "st. petersburg (north coast)", "controlled_by": null, "type": "S", "coast": false, "neighbours": [4, 42], "shared_coasts": []}}, {"model": "auth.permission", "pk": 1, "fields": {"name": "Can add log entry", "content_type": 1, "codename": "add_logentry"}}, {"model": "auth.permission", "pk": 2, "fields": {"name": "Can change log entry", "content_type": 1, "codename": "change_logentry"}}, {"model": "auth.permission", "pk": 3, "fields": {"name": "Can delete log entry", "content_type": 1, "codename": "delete_logentry"}}, {"model": "auth.permission", "pk": 4, "fields": {"name": "Can view log entry", "content_type": 1, "codename": "view_logentry"}}, {"model": "auth.permission", "pk": 5, "fields": {"name": "Can add permission", "content_type": 2, "codename": "add_permission"}}, {"model": "auth.permission", "pk": 6, "fields": {"name": "Can change permission", "content_type": 2, "codename": "change_permission"}}, {"model": "auth.permission", "pk": 7, "fields": {"name": "Can delete permission", "content_type": 2, "codename": "delete_permission"}}, {"model": "auth.permission", "pk": 8, "fields": {"name": "Can view permission", "content_type": 2, "codename": "view_permission"}}, {"model": "auth.permission", "pk": 9, "fields": {"name": "Can add group", "content_type": 3, "codename": "add_group"}}, {"model": "auth.permission", "pk": 10, "fields": {"name": "Can change group", "content_type": 3, "codename": "change_group"}}, {"model": "auth.permission", "pk": 11, "fields": {"name": "Can delete group", "content_type": 3, "codename": "delete_group"}}, {"model": "auth.permission", "pk": 12, "fields": {"name": "Can view group", "content_type": 3, "codename": "view_group"}}, {"model": "auth.permission", "pk": 13, "fields": {"name": "Can add user", "content_type": 4, "codename": "add_user"}}, {"model": "auth.permission", "pk": 14, "fields": {"name": "Can change user", "content_type": 4, "codename": "change_user"}}, {"model": "auth.permission", "pk": 15, "fields": {"name": "Can delete user", "content_type": 4, "codename": "delete_user"}}, {"model": "auth.permission", "pk": 16, "fields": {"name": "Can view user", "content_type": 4, "codename": "view_user"}}, {"model": "auth.permission", "pk": 17, "fields": {"name": "Can add content type", "content_type": 5, "codename": "add_contenttype"}}, {"model": "auth.permission", "pk": 18, "fields": {"name": "Can change content type", "content_type": 5, "codename": "change_contenttype"}}, {"model": "auth.permission", "pk": 19, "fields": {"name": "Can delete content type", "content_type": 5, "codename": "delete_contenttype"}}, {"model": "auth.permission", "pk": 20, "fields": {"name": "Can view content type", "content_type": 5, "codename": "view_contenttype"}}, {"model": "auth.permission", "pk": 21, "fields": {"name": "Can add session", "content_type": 6, "codename": "add_session"}}, {"model": "auth.permission", "pk": 22, "fields": {"name": "Can change session", "content_type": 6, "codename": "change_session"}}, {"model": "auth.permission", "pk": 23, "fields": {"name": "Can delete session", "content_type": 6, "codename": "delete_session"}}, {"model": "auth.permission", "pk": 24, "fields": {"name": "Can view session", "content_type": 6, "codename": "view_session"}}, {"model": "auth.permission", "pk": 25, "fields": {"name": "Can add piece", "content_type": 7, "codename": "add_piece"}}, {"model": "auth.permission", "pk": 26, "fields": {"name": "Can change piece", "content_type": 7, "codename": "change_piece"}}, {"model": "auth.permission", "pk": 27, "fields": {"name": "Can delete piece", "content_type": 7, "codename": "delete_piece"}}, {"model": "auth.permission", "pk": 28, "fields": {"name": "Can view piece", "content_type": 7, "codename": "view_piece"}}, {"model": "auth.permission", "pk": 29, "fields": {"name": "Can add supply center", "content_type": 8, "codename": "add_supplycenter"}}, {"model": "auth.permission", "pk": 30, "fields": {"name": "Can change supply center", "content_type": 8, "codename": "change_supplycenter"}}, {"model": "auth.permission", "pk": 31, "fields": {"name": "Can delete supply center", "content_type": 8, "codename": "delete_supplycenter"}}, {"model": "auth.permission", "pk": 32, "fields": {"name": "Can view supply center", "content_type": 8, "codename": "view_supplycenter"}}, {"model": "auth.permission", "pk": 33, "fields": {"name": "Can add phase", "content_type": 9, "codename": "add_phase"}}, {"model": "auth.permission", "pk": 34, "fields": {"name": "Can change phase", "content_type": 9, "codename": "change_phase"}}, {"model": "auth.permission", "pk": 35, "fields": {"name": "Can delete phase", "content_type": 9, "codename": "delete_phase"}}, {"model": "auth.permission", "pk": 36, "fields": {"name": "Can view phase", "content_type": 9, "codename": "view_phase"}}, {"model": "auth.permission", "pk": 37, "fields": {"name": "Can add order", "content_type": 10, "codename": "add_order"}}, {"model": "auth.permission", "pk": 38, "fields": {"name": "Can change order", "content_type": 10, "codename": "change_order"}}, {"model": "auth.permission", "pk": 39, "fields": {"name": "Can delete order", "content_type": 10, "codename": "delete_order"}}, {"model": "auth.permission", "pk": 40, "fields": {"name": "Can view order", "content_type": 10, "codename": "view_order"}}, {"model": "auth.permission", "pk": 41, "fields": {"name": "Can add message", "content_type": 11, "codename": "add_message"}}, {"model": "auth.permission", "pk": 42, "fields": {"name": "Can change message", "content_type": 11, "codename": "change_message"}}, {"model": "auth.permission", "pk": 43, "fields": {"name": "Can delete message", "content_type": 11, "codename": "delete_message"}}, {"model": "auth.permission", "pk": 44, "fields": {"name": "Can view message", "content_type": 11, "codename": "view_message"}}, {"model": "auth.permission", "pk": 45, "fields": {"name": "Can add command", "content_type": 12, "codename": "add_command"}}, {"model": "auth.permission", "pk": 46, "fields": {"name": "Can change command", "content_type": 12, "codename": "change_command"}}, {"model": "auth.permission", "pk": 47, "fields": {"name": "Can delete command", "content_type": 12, "codename": "delete_command"}}, {"model": "auth.permission", "pk": 48, "fields": {"name": "Can view command", "content_type": 12, "codename": "view_command"}}, {"model": "auth.permission", "pk": 49, "fields": {"name": "Can add turn", "content_type": 13, "codename": "add_turn"}}, {"model": "auth.permission", "pk": 50, "fields": {"name": "Can change turn", "content_type": 13, "codename": "change_turn"}}, {"model": "auth.permission", "pk": 51, "fields": {"name": "Can delete turn", "content_type": 13, "codename": "delete_turn"}}, {"model": "auth.permission", "pk": 52, "fields": {"name": "Can view turn", "content_type": 13, "codename": "view_turn"}}, {"model": "auth.permission", "pk": 53, "fields": {"name": "Can add nation", "content_type": 14, "codename": "add_nation"}}, {"model": "auth.permission", "pk": 54, "fields": {"name": "Can change nation", "content_type": 14, "codename": "change_nation"}}, {"model": "auth.permission", "pk": 55, "fields": {"name": "Can delete nation", "content_type": 14, "codename": "delete_nation"}}, {"model": "auth.permission", "pk": 56, "fields": {"name": "Can view nation", "content_type": 14, "codename": "view_nation"}}, {"model": "auth.permission", "pk": 57, "fields": {"name": "Can add game", "content_type": 15, "codename": "add_game"}}, {"model": "auth.permission", "pk": 58, "fields": {"name": "Can change game", "content_type": 15, "codename": "change_game"}}, {"model": "auth.permission", "pk": 59, "fields": {"name": "Can delete game", "content_type": 15, "codename": "delete_game"}}, {"model": "auth.permission", "pk": 60, "fields": {"name": "Can view game", "content_type": 15, "codename": "view_game"}}, {"model": "auth.permission", "pk": 61, "fields": {"name": "Can add announcement", "content_type": 16, "codename": "add_announcement"}}, {"model": "auth.permission", "pk": 62, "fields": {"name": "Can change announcement", "content_type": 16, "codename": "change_announcement"}}, {"model": "auth.permission", "pk": 63, "fields": {"name": "Can delete announcement", "content_type": 16, "codename": "delete_announcement"}}, {"model": "auth.permission", "pk": 64, "fields": {"name": "Can view announcement", "content_type": 16, "codename": "view_announcement"}}, {"model": "auth.permission", "pk": 65, "fields": {"name": "Can add territory", "content_type": 17, "codename": "add_territory"}}, {"model": "auth.permission", "pk": 66, "fields": {"name": "Can change territory", "content_type": 17, "codename": "change_territory"}}, {"model": "auth.permission", "pk": 67, "fields": {"name": "Can delete territory", "content_type": 17, "codename": "delete_territory"}}, {"model": "auth.permission", "pk": 68, "fields": {"name": "Can view territory", "content_type": 17, "codename": "view_territory"}}]
