[
{
    "model": "core.game",
    "pk": 1,
    "fields": {
        "variant": 1,
        "name": "New Game",
        "description": null,
        "status": "active",
        "private": false,
        "password": null,
        "order_deadline": "twenty_four_hours",
        "retreat_deadline": "twenty_four_hours",
        "build_deadline": "twelve_hours",
        "process_on_finalized_orders": true,
        "nation_choice_mode": "random",
        "num_players": 7,
        "created_by": 2,
        "created_at": "2020-05-23T21:05:51.265Z",
        "initialized_at": "2020-05-23T21:05:51.486Z",
        "winners": []
    }
},
{
    "model": "core.namedcoast",
    "pk": 1,
    "fields": {
        "name": "bulgaria east coast",
        "map_abbreviation": "ec",
        "parent": 73,
        "piece_starts_here": false,
        "neighbours": [
            5,
            28,
            47
        ]
    }
},
{
    "model": "core.namedcoast",
    "pk": 2,
    "fields": {
        "name": "bulgaria south coast",
        "map_abbreviation": "sc",
        "parent": 73,
        "piece_starts_here": false,
        "neighbours": [
            2,
            28,
            33
        ]
    }
},
{
    "model": "core.namedcoast",
    "pk": 3,
    "fields": {
        "name": "spain north coast",
        "map_abbreviation": "nc",
        "parent": 74,
        "piece_starts_here": false,
        "neighbours": [
            13,
            32,
            45
        ]
    }
},
{
    "model": "core.namedcoast",
    "pk": 4,
    "fields": {
        "name": "spain south coast",
        "map_abbreviation": "sc",
        "parent": 74,
        "piece_starts_here": false,
        "neighbours": [
            9,
            13,
            19,
            39,
            45
        ]
    }
},
{
    "model": "core.namedcoast",
    "pk": 5,
    "fields": {
        "name": "st. petersburg north coast",
        "map_abbreviation": "nc",
        "parent": 75,
        "piece_starts_here": false,
        "neighbours": [
            4,
            42
        ]
    }
},
{
    "model": "core.namedcoast",
    "pk": 6,
    "fields": {
        "name": "st. petersburg south coast",
        "map_abbreviation": "sc",
        "parent": 75,
        "piece_starts_here": true,
        "neighbours": [
            6,
            31,
            37
        ]
    }
},
{
    "model": "core.nation",
    "pk": 1,
    "fields": {
        "variant": 1,
        "name": "England"
    }
},
{
    "model": "core.nation",
    "pk": 2,
    "fields": {
        "variant": 1,
        "name": "France"
    }
},
{
    "model": "core.nation",
    "pk": 3,
    "fields": {
        "variant": 1,
        "name": "Germany"
    }
},
{
    "model": "core.nation",
    "pk": 4,
    "fields": {
        "variant": 1,
        "name": "Austria-Hungary"
    }
},
{
    "model": "core.nation",
    "pk": 5,
    "fields": {
        "variant": 1,
        "name": "Italy"
    }
},
{
    "model": "core.nation",
    "pk": 6,
    "fields": {
        "variant": 1,
        "name": "Russia"
    }
},
{
    "model": "core.nation",
    "pk": 7,
    "fields": {
        "variant": 1,
        "name": "Turkey"
    }
},
{
    "model": "core.nationstate",
    "pk": 1,
    "fields": {
        "turn": 1,
        "nation": 1,
        "user": 7,
        "orders_finalized": true,
        "surrendered": false
    }
},
{
    "model": "core.nationstate",
    "pk": 2,
    "fields": {
        "turn": 1,
        "nation": 2,
        "user": 6,
        "orders_finalized": true,
        "surrendered": false
    }
},
{
    "model": "core.nationstate",
    "pk": 3,
    "fields": {
        "turn": 1,
        "nation": 3,
        "user": 5,
        "orders_finalized": true,
        "surrendered": false
    }
},
{
    "model": "core.nationstate",
    "pk": 4,
    "fields": {
        "turn": 1,
        "nation": 4,
        "user": 4,
        "orders_finalized": true,
        "surrendered": false
    }
},
{
    "model": "core.nationstate",
    "pk": 5,
    "fields": {
        "turn": 1,
        "nation": 5,
        "user": 3,
        "orders_finalized": true,
        "surrendered": false
    }
},
{
    "model": "core.nationstate",
    "pk": 6,
    "fields": {
        "turn": 1,
        "nation": 6,
        "user": 1,
        "orders_finalized": true,
        "surrendered": false
    }
},
{
    "model": "core.nationstate",
    "pk": 7,
    "fields": {
        "turn": 1,
        "nation": 7,
        "user": 2,
        "orders_finalized": true,
        "surrendered": false
    }
},
{
    "model": "core.nationstate",
    "pk": 8,
    "fields": {
        "turn": 2,
        "nation": 1,
        "user": 7,
        "orders_finalized": true,
        "surrendered": false
    }
},
{
    "model": "core.nationstate",
    "pk": 9,
    "fields": {
        "turn": 2,
        "nation": 2,
        "user": 6,
        "orders_finalized": true,
        "surrendered": false
    }
},
{
    "model": "core.nationstate",
    "pk": 10,
    "fields": {
        "turn": 2,
        "nation": 3,
        "user": 5,
        "orders_finalized": true,
        "surrendered": false
    }
},
{
    "model": "core.nationstate",
    "pk": 11,
    "fields": {
        "turn": 2,
        "nation": 4,
        "user": 4,
        "orders_finalized": true,
        "surrendered": false
    }
},
{
    "model": "core.nationstate",
    "pk": 12,
    "fields": {
        "turn": 2,
        "nation": 5,
        "user": 3,
        "orders_finalized": true,
        "surrendered": false
    }
},
{
    "model": "core.nationstate",
    "pk": 13,
    "fields": {
        "turn": 2,
        "nation": 6,
        "user": 1,
        "orders_finalized": true,
        "surrendered": false
    }
},
{
    "model": "core.nationstate",
    "pk": 14,
    "fields": {
        "turn": 2,
        "nation": 7,
        "user": 2,
        "orders_finalized": true,
        "surrendered": false
    }
},
{
    "model": "core.nationstate",
    "pk": 15,
    "fields": {
        "turn": 3,
        "nation": 1,
        "user": 7,
        "orders_finalized": false,
        "surrendered": false
    }
},
{
    "model": "core.nationstate",
    "pk": 16,
    "fields": {
        "turn": 3,
        "nation": 2,
        "user": 6,
        "orders_finalized": false,
        "surrendered": false
    }
},
{
    "model": "core.nationstate",
    "pk": 17,
    "fields": {
        "turn": 3,
        "nation": 3,
        "user": 5,
        "orders_finalized": false,
        "surrendered": false
    }
},
{
    "model": "core.nationstate",
    "pk": 18,
    "fields": {
        "turn": 3,
        "nation": 4,
        "user": 4,
        "orders_finalized": true,
        "surrendered": false
    }
},
{
    "model": "core.nationstate",
    "pk": 19,
    "fields": {
        "turn": 3,
        "nation": 5,
        "user": 3,
        "orders_finalized": false,
        "surrendered": false
    }
},
{
    "model": "core.nationstate",
    "pk": 20,
    "fields": {
        "turn": 3,
        "nation": 6,
        "user": 1,
        "orders_finalized": false,
        "surrendered": false
    }
},
{
    "model": "core.nationstate",
    "pk": 21,
    "fields": {
        "turn": 3,
        "nation": 7,
        "user": 2,
        "orders_finalized": false,
        "surrendered": false
    }
},
{
    "model": "core.nationstate",
    "pk": 22,
    "fields": {
        "turn": 4,
        "nation": 1,
        "user": 7,
        "orders_finalized": true,
        "surrendered": false
    }
},
{
    "model": "core.nationstate",
    "pk": 23,
    "fields": {
        "turn": 4,
        "nation": 2,
        "user": 6,
        "orders_finalized": true,
        "surrendered": false
    }
},
{
    "model": "core.nationstate",
    "pk": 24,
    "fields": {
        "turn": 4,
        "nation": 3,
        "user": 5,
        "orders_finalized": true,
        "surrendered": false
    }
},
{
    "model": "core.nationstate",
    "pk": 25,
    "fields": {
        "turn": 4,
        "nation": 4,
        "user": 4,
        "orders_finalized": true,
        "surrendered": false
    }
},
{
    "model": "core.nationstate",
    "pk": 26,
    "fields": {
        "turn": 4,
        "nation": 5,
        "user": 3,
        "orders_finalized": true,
        "surrendered": false
    }
},
{
    "model": "core.nationstate",
    "pk": 27,
    "fields": {
        "turn": 4,
        "nation": 6,
        "user": 1,
        "orders_finalized": true,
        "surrendered": false
    }
},
{
    "model": "core.nationstate",
    "pk": 28,
    "fields": {
        "turn": 4,
        "nation": 7,
        "user": 2,
        "orders_finalized": true,
        "surrendered": false
    }
},
{
    "model": "core.nationstate",
    "pk": 29,
    "fields": {
        "turn": 5,
        "nation": 1,
        "user": 7,
        "orders_finalized": false,
        "surrendered": false
    }
},
{
    "model": "core.nationstate",
    "pk": 30,
    "fields": {
        "turn": 5,
        "nation": 2,
        "user": 6,
        "orders_finalized": false,
        "surrendered": false
    }
},
{
    "model": "core.nationstate",
    "pk": 31,
    "fields": {
        "turn": 5,
        "nation": 3,
        "user": 5,
        "orders_finalized": false,
        "surrendered": false
    }
},
{
    "model": "core.nationstate",
    "pk": 32,
    "fields": {
        "turn": 5,
        "nation": 4,
        "user": 4,
        "orders_finalized": false,
        "surrendered": false
    }
},
{
    "model": "core.nationstate",
    "pk": 33,
    "fields": {
        "turn": 5,
        "nation": 5,
        "user": 3,
        "orders_finalized": false,
        "surrendered": false
    }
},
{
    "model": "core.nationstate",
    "pk": 34,
    "fields": {
        "turn": 5,
        "nation": 6,
        "user": 1,
        "orders_finalized": false,
        "surrendered": false
    }
},
{
    "model": "core.nationstate",
    "pk": 35,
    "fields": {
        "turn": 5,
        "nation": 7,
        "user": 2,
        "orders_finalized": false,
        "surrendered": false
    }
},
{
    "model": "core.order",
    "pk": 67,
    "fields": {
        "turn": 4,
        "nation": 1,
        "type": "build",
        "source": 36,
        "target": null,
        "target_coast": null,
        "aux": null,
        "piece_type": "fleet",
        "via_convoy": false,
        "outcome": "succeeds",
        "legal": true,
        "illegal_message": null
    }
},
{
    "model": "core.order",
    "pk": 68,
    "fields": {
        "turn": 4,
        "nation": 3,
        "type": "build",
        "source": 24,
        "target": null,
        "target_coast": null,
        "aux": null,
        "piece_type": "fleet",
        "via_convoy": false,
        "outcome": "succeeds",
        "legal": true,
        "illegal_message": null
    }
},
{
    "model": "core.order",
    "pk": 69,
    "fields": {
        "turn": 4,
        "nation": 3,
        "type": "build",
        "source": 64,
        "target": null,
        "target_coast": null,
        "aux": null,
        "piece_type": "army",
        "via_convoy": false,
        "outcome": "succeeds",
        "legal": true,
        "illegal_message": null
    }
},
{
    "model": "core.order",
    "pk": 70,
    "fields": {
        "turn": 4,
        "nation": 3,
        "type": "build",
        "source": 35,
        "target": null,
        "target_coast": null,
        "aux": null,
        "piece_type": "fleet",
        "via_convoy": false,
        "outcome": "succeeds",
        "legal": true,
        "illegal_message": null
    }
},
{
    "model": "core.order",
    "pk": 71,
    "fields": {
        "turn": 4,
        "nation": 4,
        "type": "build",
        "source": 71,
        "target": null,
        "target_coast": null,
        "aux": null,
        "piece_type": "army",
        "via_convoy": false,
        "outcome": "succeeds",
        "legal": true,
        "illegal_message": null
    }
},
{
    "model": "core.order",
    "pk": 72,
    "fields": {
        "turn": 4,
        "nation": 5,
        "type": "build",
        "source": 41,
        "target": null,
        "target_coast": null,
        "aux": null,
        "piece_type": "fleet",
        "via_convoy": false,
        "outcome": "succeeds",
        "legal": true,
        "illegal_message": null
    }
},
{
    "model": "core.order",
    "pk": 73,
    "fields": {
        "turn": 4,
        "nation": 6,
        "type": "build",
        "source": 75,
        "target": null,
        "target_coast": 5,
        "aux": null,
        "piece_type": "fleet",
        "via_convoy": false,
        "outcome": "succeeds",
        "legal": true,
        "illegal_message": null
    }
},
{
    "model": "core.order",
    "pk": 74,
    "fields": {
        "turn": 4,
        "nation": 6,
        "type": "build",
        "source": 72,
        "target": null,
        "target_coast": null,
        "aux": null,
        "piece_type": "army",
        "via_convoy": false,
        "outcome": "succeeds",
        "legal": true,
        "illegal_message": null
    }
},
{
    "model": "core.order",
    "pk": 75,
    "fields": {
        "turn": 4,
        "nation": 7,
        "type": "build",
        "source": 50,
        "target": null,
        "target_coast": null,
        "aux": null,
        "piece_type": "fleet",
        "via_convoy": false,
        "outcome": "succeeds",
        "legal": true,
        "illegal_message": null
    }
},
{
    "model": "core.order",
    "pk": 76,
    "fields": {
        "turn": 4,
        "nation": 7,
        "type": "hold",
        "source": 5,
        "target": null,
        "target_coast": null,
        "aux": null,
        "piece_type": null,
        "via_convoy": false,
        "outcome": "succeeds",
        "legal": true,
        "illegal_message": null
    }
},
{
    "model": "core.order",
    "pk": 77,
    "fields": {
        "turn": 4,
        "nation": 3,
        "type": "hold",
        "source": 29,
        "target": null,
        "target_coast": null,
        "aux": null,
        "piece_type": null,
        "via_convoy": false,
        "outcome": "succeeds",
        "legal": true,
        "illegal_message": null
    }
},
{
    "model": "core.order",
    "pk": 78,
    "fields": {
        "turn": 4,
        "nation": 2,
        "type": "hold",
        "source": 8,
        "target": null,
        "target_coast": null,
        "aux": null,
        "piece_type": null,
        "via_convoy": false,
        "outcome": "succeeds",
        "legal": true,
        "illegal_message": null
    }
},
{
    "model": "core.order",
    "pk": 79,
    "fields": {
        "turn": 4,
        "nation": 7,
        "type": "hold",
        "source": 73,
        "target": null,
        "target_coast": null,
        "aux": null,
        "piece_type": null,
        "via_convoy": false,
        "outcome": "succeeds",
        "legal": true,
        "illegal_message": null
    }
},
{
    "model": "core.order",
    "pk": 80,
    "fields": {
        "turn": 4,
        "nation": 1,
        "type": "hold",
        "source": 42,
        "target": null,
        "target_coast": null,
        "aux": null,
        "piece_type": null,
        "via_convoy": false,
        "outcome": "succeeds",
        "legal": true,
        "illegal_message": null
    }
},
{
    "model": "core.order",
    "pk": 81,
    "fields": {
        "turn": 4,
        "nation": 3,
        "type": "hold",
        "source": 34,
        "target": null,
        "target_coast": null,
        "aux": null,
        "piece_type": null,
        "via_convoy": false,
        "outcome": "succeeds",
        "legal": true,
        "illegal_message": null
    }
},
{
    "model": "core.order",
    "pk": 82,
    "fields": {
        "turn": 4,
        "nation": 1,
        "type": "hold",
        "source": 16,
        "target": null,
        "target_coast": null,
        "aux": null,
        "piece_type": null,
        "via_convoy": false,
        "outcome": "succeeds",
        "legal": true,
        "illegal_message": null
    }
},
{
    "model": "core.order",
    "pk": 83,
    "fields": {
        "turn": 4,
        "nation": 1,
        "type": "hold",
        "source": 58,
        "target": null,
        "target_coast": null,
        "aux": null,
        "piece_type": null,
        "via_convoy": false,
        "outcome": "succeeds",
        "legal": true,
        "illegal_message": null
    }
},
{
    "model": "core.order",
    "pk": 84,
    "fields": {
        "turn": 4,
        "nation": 2,
        "type": "hold",
        "source": 74,
        "target": null,
        "target_coast": null,
        "aux": null,
        "piece_type": null,
        "via_convoy": false,
        "outcome": "succeeds",
        "legal": true,
        "illegal_message": null
    }
},
{
    "model": "core.order",
    "pk": 85,
    "fields": {
        "turn": 4,
        "nation": 5,
        "type": "hold",
        "source": 54,
        "target": null,
        "target_coast": null,
        "aux": null,
        "piece_type": null,
        "via_convoy": false,
        "outcome": "succeeds",
        "legal": true,
        "illegal_message": null
    }
},
{
    "model": "core.order",
    "pk": 86,
    "fields": {
        "turn": 4,
        "nation": 5,
        "type": "hold",
        "source": 56,
        "target": null,
        "target_coast": null,
        "aux": null,
        "piece_type": null,
        "via_convoy": false,
        "outcome": "succeeds",
        "legal": true,
        "illegal_message": null
    }
},
{
    "model": "core.order",
    "pk": 87,
    "fields": {
        "turn": 4,
        "nation": 6,
        "type": "hold",
        "source": 49,
        "target": null,
        "target_coast": null,
        "aux": null,
        "piece_type": null,
        "via_convoy": false,
        "outcome": "succeeds",
        "legal": true,
        "illegal_message": null
    }
},
{
    "model": "core.order",
    "pk": 88,
    "fields": {
        "turn": 4,
        "nation": 7,
        "type": "hold",
        "source": 28,
        "target": null,
        "target_coast": null,
        "aux": null,
        "piece_type": null,
        "via_convoy": false,
        "outcome": "succeeds",
        "legal": true,
        "illegal_message": null
    }
},
{
    "model": "core.order",
    "pk": 89,
    "fields": {
        "turn": 4,
        "nation": 4,
        "type": "hold",
        "source": 33,
        "target": null,
        "target_coast": null,
        "aux": null,
        "piece_type": null,
        "via_convoy": false,
        "outcome": "succeeds",
        "legal": true,
        "illegal_message": null
    }
},
{
    "model": "core.order",
    "pk": 90,
    "fields": {
        "turn": 4,
        "nation": 5,
        "type": "hold",
        "source": 44,
        "target": null,
        "target_coast": null,
        "aux": null,
        "piece_type": null,
        "via_convoy": false,
        "outcome": "succeeds",
        "legal": true,
        "illegal_message": null
    }
},
{
    "model": "core.order",
    "pk": 91,
    "fields": {
        "turn": 4,
        "nation": 4,
        "type": "hold",
        "source": 60,
        "target": null,
        "target_coast": null,
        "aux": null,
        "piece_type": null,
        "via_convoy": false,
        "outcome": "succeeds",
        "legal": true,
        "illegal_message": null
    }
},
{
    "model": "core.order",
    "pk": 92,
    "fields": {
        "turn": 4,
        "nation": 6,
        "type": "hold",
        "source": 31,
        "target": null,
        "target_coast": null,
        "aux": null,
        "piece_type": null,
        "via_convoy": false,
        "outcome": "succeeds",
        "legal": true,
        "illegal_message": null
    }
},
{
    "model": "core.order",
    "pk": 93,
    "fields": {
        "turn": 4,
        "nation": 3,
        "type": "hold",
        "source": 65,
        "target": null,
        "target_coast": null,
        "aux": null,
        "piece_type": null,
        "via_convoy": false,
        "outcome": "succeeds",
        "legal": true,
        "illegal_message": null
    }
},
{
    "model": "core.order",
    "pk": 94,
    "fields": {
        "turn": 4,
        "nation": 2,
        "type": "hold",
        "source": 43,
        "target": null,
        "target_coast": null,
        "aux": null,
        "piece_type": null,
        "via_convoy": false,
        "outcome": "succeeds",
        "legal": true,
        "illegal_message": null
    }
},
{
    "model": "core.order",
    "pk": 95,
    "fields": {
        "turn": 4,
        "nation": 4,
        "type": "hold",
        "source": 53,
        "target": null,
        "target_coast": null,
        "aux": null,
        "piece_type": null,
        "via_convoy": false,
        "outcome": "succeeds",
        "legal": true,
        "illegal_message": null
    }
},
{
    "model": "core.order",
    "pk": 96,
    "fields": {
        "turn": 4,
        "nation": 6,
        "type": "hold",
        "source": 47,
        "target": null,
        "target_coast": null,
        "aux": null,
        "piece_type": null,
        "via_convoy": false,
        "outcome": "succeeds",
        "legal": true,
        "illegal_message": null
    }
},
{
    "model": "core.order",
    "pk": 97,
    "fields": {
        "turn": 4,
        "nation": 6,
        "type": "hold",
        "source": 51,
        "target": null,
        "target_coast": null,
        "aux": null,
        "piece_type": null,
        "via_convoy": false,
        "outcome": "succeeds",
        "legal": true,
        "illegal_message": null
    }
},
{
    "model": "core.participation",
    "pk": 1,
    "fields": {
        "user": 2,
        "game": 1,
        "joined_at": "2020-05-23T21:05:51.266Z"
    }
},
{
    "model": "core.participation",
    "pk": 2,
    "fields": {
        "user": 1,
        "game": 1,
        "joined_at": "2020-05-23T21:05:51.280Z"
    }
},
{
    "model": "core.participation",
    "pk": 3,
    "fields": {
        "user": 3,
        "game": 1,
        "joined_at": "2020-05-23T21:05:51.286Z"
    }
},
{
    "model": "core.participation",
    "pk": 4,
    "fields": {
        "user": 4,
        "game": 1,
        "joined_at": "2020-05-23T21:05:51.292Z"
    }
},
{
    "model": "core.participation",
    "pk": 5,
    "fields": {
        "user": 5,
        "game": 1,
        "joined_at": "2020-05-23T21:05:51.297Z"
    }
},
{
    "model": "core.participation",
    "pk": 6,
    "fields": {
        "user": 6,
        "game": 1,
        "joined_at": "2020-05-23T21:05:51.303Z"
    }
},
{
    "model": "core.participation",
    "pk": 7,
    "fields": {
        "user": 7,
        "game": 1,
        "joined_at": "2020-05-23T21:05:51.308Z"
    }
},
{
    "model": "core.piecestate",
    "pk": 23,
    "fields": {
        "turn": 2,
        "piece": 1,
        "territory": 21,
        "named_coast": null,
        "dislodged": false,
        "dislodged_by": null,
        "must_retreat": false,
        "attacker_territory": null
    }
},
{
    "model": "core.piecestate",
    "pk": 24,
    "fields": {
        "turn": 2,
        "piece": 2,
        "territory": 35,
        "named_coast": null,
        "dislodged": false,
        "dislodged_by": null,
        "must_retreat": false,
        "attacker_territory": null
    }
},
{
    "model": "core.piecestate",
    "pk": 25,
    "fields": {
        "turn": 2,
        "piece": 3,
        "territory": 8,
        "named_coast": null,
        "dislodged": false,
        "dislodged_by": null,
        "must_retreat": false,
        "attacker_territory": null
    }
},
{
    "model": "core.piecestate",
    "pk": 26,
    "fields": {
        "turn": 2,
        "piece": 4,
        "territory": 73,
        "named_coast": null,
        "dislodged": false,
        "dislodged_by": null,
        "must_retreat": false,
        "attacker_territory": null
    }
},
{
    "model": "core.piecestate",
    "pk": 27,
    "fields": {
        "turn": 2,
        "piece": 5,
        "territory": 15,
        "named_coast": null,
        "dislodged": false,
        "dislodged_by": null,
        "must_retreat": false,
        "attacker_territory": null
    }
},
{
    "model": "core.piecestate",
    "pk": 28,
    "fields": {
        "turn": 2,
        "piece": 6,
        "territory": 34,
        "named_coast": null,
        "dislodged": false,
        "dislodged_by": null,
        "must_retreat": false,
        "attacker_territory": null
    }
},
{
    "model": "core.piecestate",
    "pk": 29,
    "fields": {
        "turn": 2,
        "piece": 7,
        "territory": 16,
        "named_coast": null,
        "dislodged": false,
        "dislodged_by": null,
        "must_retreat": false,
        "attacker_territory": null
    }
},
{
    "model": "core.piecestate",
    "pk": 30,
    "fields": {
        "turn": 2,
        "piece": 8,
        "territory": 58,
        "named_coast": null,
        "dislodged": false,
        "dislodged_by": null,
        "must_retreat": false,
        "attacker_territory": null
    }
},
{
    "model": "core.piecestate",
    "pk": 31,
    "fields": {
        "turn": 2,
        "piece": 9,
        "territory": 39,
        "named_coast": null,
        "dislodged": false,
        "dislodged_by": null,
        "must_retreat": false,
        "attacker_territory": null
    }
},
{
    "model": "core.piecestate",
    "pk": 32,
    "fields": {
        "turn": 2,
        "piece": 10,
        "territory": 11,
        "named_coast": null,
        "dislodged": false,
        "dislodged_by": null,
        "must_retreat": false,
        "attacker_territory": null
    }
},
{
    "model": "core.piecestate",
    "pk": 33,
    "fields": {
        "turn": 2,
        "piece": 11,
        "territory": 55,
        "named_coast": null,
        "dislodged": false,
        "dislodged_by": null,
        "must_retreat": false,
        "attacker_territory": null
    }
},
{
    "model": "core.piecestate",
    "pk": 34,
    "fields": {
        "turn": 2,
        "piece": 12,
        "territory": 49,
        "named_coast": null,
        "dislodged": false,
        "dislodged_by": null,
        "must_retreat": false,
        "attacker_territory": null
    }
},
{
    "model": "core.piecestate",
    "pk": 35,
    "fields": {
        "turn": 2,
        "piece": 13,
        "territory": 28,
        "named_coast": null,
        "dislodged": false,
        "dislodged_by": null,
        "must_retreat": false,
        "attacker_territory": null
    }
},
{
    "model": "core.piecestate",
    "pk": 36,
    "fields": {
        "turn": 2,
        "piece": 14,
        "territory": 20,
        "named_coast": null,
        "dislodged": false,
        "dislodged_by": null,
        "must_retreat": false,
        "attacker_territory": null
    }
},
{
    "model": "core.piecestate",
    "pk": 37,
    "fields": {
        "turn": 2,
        "piece": 15,
        "territory": 69,
        "named_coast": null,
        "dislodged": false,
        "dislodged_by": null,
        "must_retreat": false,
        "attacker_territory": null
    }
},
{
    "model": "core.piecestate",
    "pk": 38,
    "fields": {
        "turn": 2,
        "piece": 16,
        "territory": 47,
        "named_coast": null,
        "dislodged": true,
        "dislodged_by": 43,
        "must_retreat": false,
        "attacker_territory": 70
    }
},
{
    "model": "core.piecestate",
    "pk": 39,
    "fields": {
        "turn": 2,
        "piece": 17,
        "territory": 75,
        "named_coast": null,
        "dislodged": false,
        "dislodged_by": null,
        "must_retreat": false,
        "attacker_territory": null
    }
},
{
    "model": "core.piecestate",
    "pk": 40,
    "fields": {
        "turn": 2,
        "piece": 18,
        "territory": 61,
        "named_coast": null,
        "dislodged": false,
        "dislodged_by": null,
        "must_retreat": false,
        "attacker_territory": null
    }
},
{
    "model": "core.piecestate",
    "pk": 41,
    "fields": {
        "turn": 2,
        "piece": 19,
        "territory": 43,
        "named_coast": null,
        "dislodged": false,
        "dislodged_by": null,
        "must_retreat": false,
        "attacker_territory": null
    }
},
{
    "model": "core.piecestate",
    "pk": 42,
    "fields": {
        "turn": 2,
        "piece": 20,
        "territory": 53,
        "named_coast": null,
        "dislodged": false,
        "dislodged_by": null,
        "must_retreat": false,
        "attacker_territory": null
    }
},
{
    "model": "core.piecestate",
    "pk": 43,
    "fields": {
        "turn": 2,
        "piece": 21,
        "territory": 70,
        "named_coast": null,
        "dislodged": false,
        "dislodged_by": null,
        "must_retreat": false,
        "attacker_territory": null
    }
},
{
    "model": "core.piecestate",
    "pk": 44,
    "fields": {
        "turn": 2,
        "piece": 22,
        "territory": 6,
        "named_coast": null,
        "dislodged": false,
        "dislodged_by": null,
        "must_retreat": false,
        "attacker_territory": null
    }
},
{
    "model": "core.piecestate",
    "pk": 45,
    "fields": {
        "turn": 3,
        "piece": 1,
        "territory": 5,
        "named_coast": null,
        "dislodged": false,
        "dislodged_by": null,
        "must_retreat": false,
        "attacker_territory": null
    }
},
{
    "model": "core.piecestate",
    "pk": 46,
    "fields": {
        "turn": 3,
        "piece": 2,
        "territory": 29,
        "named_coast": null,
        "dislodged": false,
        "dislodged_by": null,
        "must_retreat": false,
        "attacker_territory": null
    }
},
{
    "model": "core.piecestate",
    "pk": 47,
    "fields": {
        "turn": 3,
        "piece": 3,
        "territory": 8,
        "named_coast": null,
        "dislodged": false,
        "dislodged_by": null,
        "must_retreat": false,
        "attacker_territory": null
    }
},
{
    "model": "core.piecestate",
    "pk": 48,
    "fields": {
        "turn": 3,
        "piece": 4,
        "territory": 73,
        "named_coast": null,
        "dislodged": false,
        "dislodged_by": null,
        "must_retreat": false,
        "attacker_territory": null
    }
},
{
    "model": "core.piecestate",
    "pk": 49,
    "fields": {
        "turn": 3,
        "piece": 5,
        "territory": 42,
        "named_coast": null,
        "dislodged": false,
        "dislodged_by": null,
        "must_retreat": false,
        "attacker_territory": null
    }
},
{
    "model": "core.piecestate",
    "pk": 50,
    "fields": {
        "turn": 3,
        "piece": 6,
        "territory": 34,
        "named_coast": null,
        "dislodged": false,
        "dislodged_by": null,
        "must_retreat": false,
        "attacker_territory": null
    }
},
{
    "model": "core.piecestate",
    "pk": 51,
    "fields": {
        "turn": 3,
        "piece": 7,
        "territory": 16,
        "named_coast": null,
        "dislodged": false,
        "dislodged_by": null,
        "must_retreat": false,
        "attacker_territory": null
    }
},
{
    "model": "core.piecestate",
    "pk": 52,
    "fields": {
        "turn": 3,
        "piece": 8,
        "territory": 58,
        "named_coast": null,
        "dislodged": false,
        "dislodged_by": null,
        "must_retreat": false,
        "attacker_territory": null
    }
},
{
    "model": "core.piecestate",
    "pk": 53,
    "fields": {
        "turn": 3,
        "piece": 9,
        "territory": 74,
        "named_coast": null,
        "dislodged": false,
        "dislodged_by": null,
        "must_retreat": false,
        "attacker_territory": null
    }
},
{
    "model": "core.piecestate",
    "pk": 54,
    "fields": {
        "turn": 3,
        "piece": 10,
        "territory": 54,
        "named_coast": null,
        "dislodged": false,
        "dislodged_by": null,
        "must_retreat": false,
        "attacker_territory": null
    }
},
{
    "model": "core.piecestate",
    "pk": 55,
    "fields": {
        "turn": 3,
        "piece": 11,
        "territory": 56,
        "named_coast": null,
        "dislodged": false,
        "dislodged_by": null,
        "must_retreat": false,
        "attacker_territory": null
    }
},
{
    "model": "core.piecestate",
    "pk": 56,
    "fields": {
        "turn": 3,
        "piece": 12,
        "territory": 49,
        "named_coast": null,
        "dislodged": false,
        "dislodged_by": null,
        "must_retreat": false,
        "attacker_territory": null
    }
},
{
    "model": "core.piecestate",
    "pk": 57,
    "fields": {
        "turn": 3,
        "piece": 13,
        "territory": 28,
        "named_coast": null,
        "dislodged": false,
        "dislodged_by": null,
        "must_retreat": false,
        "attacker_territory": null
    }
},
{
    "model": "core.piecestate",
    "pk": 58,
    "fields": {
        "turn": 3,
        "piece": 14,
        "territory": 33,
        "named_coast": null,
        "dislodged": false,
        "dislodged_by": null,
        "must_retreat": false,
        "attacker_territory": null
    }
},
{
    "model": "core.piecestate",
    "pk": 59,
    "fields": {
        "turn": 3,
        "piece": 15,
        "territory": 44,
        "named_coast": null,
        "dislodged": false,
        "dislodged_by": null,
        "must_retreat": false,
        "attacker_territory": null
    }
},
{
    "model": "core.piecestate",
    "pk": 60,
    "fields": {
        "turn": 3,
        "piece": 16,
        "territory": 47,
        "named_coast": null,
        "dislodged": false,
        "dislodged_by": null,
        "must_retreat": true,
        "attacker_territory": null
    }
},
{
    "model": "core.piecestate",
    "pk": 61,
    "fields": {
        "turn": 3,
        "piece": 17,
        "territory": 31,
        "named_coast": null,
        "dislodged": false,
        "dislodged_by": null,
        "must_retreat": false,
        "attacker_territory": null
    }
},
{
    "model": "core.piecestate",
    "pk": 62,
    "fields": {
        "turn": 3,
        "piece": 18,
        "territory": 65,
        "named_coast": null,
        "dislodged": false,
        "dislodged_by": null,
        "must_retreat": false,
        "attacker_territory": null
    }
},
{
    "model": "core.piecestate",
    "pk": 63,
    "fields": {
        "turn": 3,
        "piece": 19,
        "territory": 43,
        "named_coast": null,
        "dislodged": false,
        "dislodged_by": null,
        "must_retreat": false,
        "attacker_territory": null
    }
},
{
    "model": "core.piecestate",
    "pk": 64,
    "fields": {
        "turn": 3,
        "piece": 20,
        "territory": 53,
        "named_coast": null,
        "dislodged": false,
        "dislodged_by": null,
        "must_retreat": false,
        "attacker_territory": null
    }
},
{
    "model": "core.piecestate",
    "pk": 65,
    "fields": {
        "turn": 3,
        "piece": 21,
        "territory": 47,
        "named_coast": null,
        "dislodged": false,
        "dislodged_by": null,
        "must_retreat": false,
        "attacker_territory": null
    }
},
{
    "model": "core.piecestate",
    "pk": 66,
    "fields": {
        "turn": 3,
        "piece": 22,
        "territory": 51,
        "named_coast": null,
        "dislodged": false,
        "dislodged_by": null,
        "must_retreat": false,
        "attacker_territory": null
    }
},
{
    "model": "core.piecestate",
    "pk": 67,
    "fields": {
        "turn": 4,
        "piece": 1,
        "territory": 5,
        "named_coast": null,
        "dislodged": false,
        "dislodged_by": null,
        "must_retreat": false,
        "attacker_territory": null
    }
},
{
    "model": "core.piecestate",
    "pk": 68,
    "fields": {
        "turn": 4,
        "piece": 2,
        "territory": 29,
        "named_coast": null,
        "dislodged": false,
        "dislodged_by": null,
        "must_retreat": false,
        "attacker_territory": null
    }
},
{
    "model": "core.piecestate",
    "pk": 69,
    "fields": {
        "turn": 4,
        "piece": 3,
        "territory": 8,
        "named_coast": null,
        "dislodged": false,
        "dislodged_by": null,
        "must_retreat": false,
        "attacker_territory": null
    }
},
{
    "model": "core.piecestate",
    "pk": 70,
    "fields": {
        "turn": 4,
        "piece": 4,
        "territory": 73,
        "named_coast": null,
        "dislodged": false,
        "dislodged_by": null,
        "must_retreat": false,
        "attacker_territory": null
    }
},
{
    "model": "core.piecestate",
    "pk": 71,
    "fields": {
        "turn": 4,
        "piece": 5,
        "territory": 42,
        "named_coast": null,
        "dislodged": false,
        "dislodged_by": null,
        "must_retreat": false,
        "attacker_territory": null
    }
},
{
    "model": "core.piecestate",
    "pk": 72,
    "fields": {
        "turn": 4,
        "piece": 6,
        "territory": 34,
        "named_coast": null,
        "dislodged": false,
        "dislodged_by": null,
        "must_retreat": false,
        "attacker_territory": null
    }
},
{
    "model": "core.piecestate",
    "pk": 73,
    "fields": {
        "turn": 4,
        "piece": 7,
        "territory": 16,
        "named_coast": null,
        "dislodged": false,
        "dislodged_by": null,
        "must_retreat": false,
        "attacker_territory": null
    }
},
{
    "model": "core.piecestate",
    "pk": 74,
    "fields": {
        "turn": 4,
        "piece": 8,
        "territory": 58,
        "named_coast": null,
        "dislodged": false,
        "dislodged_by": null,
        "must_retreat": false,
        "attacker_territory": null
    }
},
{
    "model": "core.piecestate",
    "pk": 75,
    "fields": {
        "turn": 4,
        "piece": 9,
        "territory": 74,
        "named_coast": null,
        "dislodged": false,
        "dislodged_by": null,
        "must_retreat": false,
        "attacker_territory": null
    }
},
{
    "model": "core.piecestate",
    "pk": 76,
    "fields": {
        "turn": 4,
        "piece": 10,
        "territory": 54,
        "named_coast": null,
        "dislodged": false,
        "dislodged_by": null,
        "must_retreat": false,
        "attacker_territory": null
    }
},
{
    "model": "core.piecestate",
    "pk": 77,
    "fields": {
        "turn": 4,
        "piece": 11,
        "territory": 56,
        "named_coast": null,
        "dislodged": false,
        "dislodged_by": null,
        "must_retreat": false,
        "attacker_territory": null
    }
},
{
    "model": "core.piecestate",
    "pk": 78,
    "fields": {
        "turn": 4,
        "piece": 12,
        "territory": 49,
        "named_coast": null,
        "dislodged": false,
        "dislodged_by": null,
        "must_retreat": false,
        "attacker_territory": null
    }
},
{
    "model": "core.piecestate",
    "pk": 79,
    "fields": {
        "turn": 4,
        "piece": 13,
        "territory": 28,
        "named_coast": null,
        "dislodged": false,
        "dislodged_by": null,
        "must_retreat": false,
        "attacker_territory": null
    }
},
{
    "model": "core.piecestate",
    "pk": 80,
    "fields": {
        "turn": 4,
        "piece": 14,
        "territory": 33,
        "named_coast": null,
        "dislodged": false,
        "dislodged_by": null,
        "must_retreat": false,
        "attacker_territory": null
    }
},
{
    "model": "core.piecestate",
    "pk": 81,
    "fields": {
        "turn": 4,
        "piece": 15,
        "territory": 44,
        "named_coast": null,
        "dislodged": false,
        "dislodged_by": null,
        "must_retreat": false,
        "attacker_territory": null
    }
},
{
    "model": "core.piecestate",
    "pk": 82,
    "fields": {
        "turn": 4,
        "piece": 16,
        "territory": 60,
        "named_coast": null,
        "dislodged": false,
        "dislodged_by": null,
        "must_retreat": false,
        "attacker_territory": null
    }
},
{
    "model": "core.piecestate",
    "pk": 83,
    "fields": {
        "turn": 4,
        "piece": 17,
        "territory": 31,
        "named_coast": null,
        "dislodged": false,
        "dislodged_by": null,
        "must_retreat": false,
        "attacker_territory": null
    }
},
{
    "model": "core.piecestate",
    "pk": 84,
    "fields": {
        "turn": 4,
        "piece": 18,
        "territory": 65,
        "named_coast": null,
        "dislodged": false,
        "dislodged_by": null,
        "must_retreat": false,
        "attacker_territory": null
    }
},
{
    "model": "core.piecestate",
    "pk": 85,
    "fields": {
        "turn": 4,
        "piece": 19,
        "territory": 43,
        "named_coast": null,
        "dislodged": false,
        "dislodged_by": null,
        "must_retreat": false,
        "attacker_territory": null
    }
},
{
    "model": "core.piecestate",
    "pk": 86,
    "fields": {
        "turn": 4,
        "piece": 20,
        "territory": 53,
        "named_coast": null,
        "dislodged": false,
        "dislodged_by": null,
        "must_retreat": false,
        "attacker_territory": null
    }
},
{
    "model": "core.piecestate",
    "pk": 87,
    "fields": {
        "turn": 4,
        "piece": 21,
        "territory": 47,
        "named_coast": null,
        "dislodged": false,
        "dislodged_by": null,
        "must_retreat": false,
        "attacker_territory": null
    }
},
{
    "model": "core.piecestate",
    "pk": 88,
    "fields": {
        "turn": 4,
        "piece": 22,
        "territory": 51,
        "named_coast": null,
        "dislodged": false,
        "dislodged_by": null,
        "must_retreat": false,
        "attacker_territory": null
    }
},
{
    "model": "core.piecestate",
    "pk": 89,
    "fields": {
        "turn": 4,
        "piece": 23,
        "territory": 71,
        "named_coast": null,
        "dislodged": false,
        "dislodged_by": null,
        "must_retreat": false,
        "attacker_territory": null
    }
},
{
    "model": "core.piecestate",
    "pk": 90,
    "fields": {
        "turn": 4,
        "piece": 24,
        "territory": 41,
        "named_coast": null,
        "dislodged": false,
        "dislodged_by": null,
        "must_retreat": false,
        "attacker_territory": null
    }
},
{
    "model": "core.piecestate",
    "pk": 91,
    "fields": {
        "turn": 4,
        "piece": 25,
        "territory": 75,
        "named_coast": null,
        "dislodged": false,
        "dislodged_by": null,
        "must_retreat": false,
        "attacker_territory": null
    }
},
{
    "model": "core.piecestate",
    "pk": 92,
    "fields": {
        "turn": 4,
        "piece": 26,
        "territory": 72,
        "named_coast": null,
        "dislodged": false,
        "dislodged_by": null,
        "must_retreat": false,
        "attacker_territory": null
    }
},
{
    "model": "core.piecestate",
    "pk": 93,
    "fields": {
        "turn": 4,
        "piece": 27,
        "territory": 50,
        "named_coast": null,
        "dislodged": false,
        "dislodged_by": null,
        "must_retreat": false,
        "attacker_territory": null
    }
},
{
    "model": "core.piecestate",
    "pk": 94,
    "fields": {
        "turn": 4,
        "piece": 28,
        "territory": 24,
        "named_coast": null,
        "dislodged": false,
        "dislodged_by": null,
        "must_retreat": false,
        "attacker_territory": null
    }
},
{
    "model": "core.piecestate",
    "pk": 95,
    "fields": {
        "turn": 4,
        "piece": 29,
        "territory": 36,
        "named_coast": null,
        "dislodged": false,
        "dislodged_by": null,
        "must_retreat": false,
        "attacker_territory": null
    }
},
{
    "model": "core.piecestate",
    "pk": 96,
    "fields": {
        "turn": 4,
        "piece": 30,
        "territory": 64,
        "named_coast": null,
        "dislodged": false,
        "dislodged_by": null,
        "must_retreat": false,
        "attacker_territory": null
    }
},
{
    "model": "core.piecestate",
    "pk": 97,
    "fields": {
        "turn": 4,
        "piece": 31,
        "territory": 35,
        "named_coast": null,
        "dislodged": false,
        "dislodged_by": null,
        "must_retreat": false,
        "attacker_territory": null
    }
},
{
    "model": "core.piecestate",
    "pk": 98,
    "fields": {
        "turn": 5,
        "piece": 1,
        "territory": 5,
        "named_coast": null,
        "dislodged": false,
        "dislodged_by": null,
        "must_retreat": false,
        "attacker_territory": null
    }
},
{
    "model": "core.piecestate",
    "pk": 99,
    "fields": {
        "turn": 5,
        "piece": 2,
        "territory": 29,
        "named_coast": null,
        "dislodged": false,
        "dislodged_by": null,
        "must_retreat": false,
        "attacker_territory": null
    }
},
{
    "model": "core.piecestate",
    "pk": 100,
    "fields": {
        "turn": 5,
        "piece": 3,
        "territory": 8,
        "named_coast": null,
        "dislodged": false,
        "dislodged_by": null,
        "must_retreat": false,
        "attacker_territory": null
    }
},
{
    "model": "core.piecestate",
    "pk": 101,
    "fields": {
        "turn": 5,
        "piece": 4,
        "territory": 73,
        "named_coast": null,
        "dislodged": false,
        "dislodged_by": null,
        "must_retreat": false,
        "attacker_territory": null
    }
},
{
    "model": "core.piecestate",
    "pk": 102,
    "fields": {
        "turn": 5,
        "piece": 5,
        "territory": 42,
        "named_coast": null,
        "dislodged": false,
        "dislodged_by": null,
        "must_retreat": false,
        "attacker_territory": null
    }
},
{
    "model": "core.piecestate",
    "pk": 103,
    "fields": {
        "turn": 5,
        "piece": 6,
        "territory": 34,
        "named_coast": null,
        "dislodged": false,
        "dislodged_by": null,
        "must_retreat": false,
        "attacker_territory": null
    }
},
{
    "model": "core.piecestate",
    "pk": 104,
    "fields": {
        "turn": 5,
        "piece": 7,
        "territory": 16,
        "named_coast": null,
        "dislodged": false,
        "dislodged_by": null,
        "must_retreat": false,
        "attacker_territory": null
    }
},
{
    "model": "core.piecestate",
    "pk": 105,
    "fields": {
        "turn": 5,
        "piece": 8,
        "territory": 58,
        "named_coast": null,
        "dislodged": false,
        "dislodged_by": null,
        "must_retreat": false,
        "attacker_territory": null
    }
},
{
    "model": "core.piecestate",
    "pk": 106,
    "fields": {
        "turn": 5,
        "piece": 9,
        "territory": 74,
        "named_coast": null,
        "dislodged": false,
        "dislodged_by": null,
        "must_retreat": false,
        "attacker_territory": null
    }
},
{
    "model": "core.piecestate",
    "pk": 107,
    "fields": {
        "turn": 5,
        "piece": 10,
        "territory": 54,
        "named_coast": null,
        "dislodged": false,
        "dislodged_by": null,
        "must_retreat": false,
        "attacker_territory": null
    }
},
{
    "model": "core.piecestate",
    "pk": 108,
    "fields": {
        "turn": 5,
        "piece": 11,
        "territory": 56,
        "named_coast": null,
        "dislodged": false,
        "dislodged_by": null,
        "must_retreat": false,
        "attacker_territory": null
    }
},
{
    "model": "core.piecestate",
    "pk": 109,
    "fields": {
        "turn": 5,
        "piece": 12,
        "territory": 49,
        "named_coast": null,
        "dislodged": false,
        "dislodged_by": null,
        "must_retreat": false,
        "attacker_territory": null
    }
},
{
    "model": "core.piecestate",
    "pk": 110,
    "fields": {
        "turn": 5,
        "piece": 13,
        "territory": 28,
        "named_coast": null,
        "dislodged": false,
        "dislodged_by": null,
        "must_retreat": false,
        "attacker_territory": null
    }
},
{
    "model": "core.piecestate",
    "pk": 111,
    "fields": {
        "turn": 5,
        "piece": 14,
        "territory": 33,
        "named_coast": null,
        "dislodged": false,
        "dislodged_by": null,
        "must_retreat": false,
        "attacker_territory": null
    }
},
{
    "model": "core.piecestate",
    "pk": 112,
    "fields": {
        "turn": 5,
        "piece": 15,
        "territory": 44,
        "named_coast": null,
        "dislodged": false,
        "dislodged_by": null,
        "must_retreat": false,
        "attacker_territory": null
    }
},
{
    "model": "core.piecestate",
    "pk": 113,
    "fields": {
        "turn": 5,
        "piece": 16,
        "territory": 60,
        "named_coast": null,
        "dislodged": false,
        "dislodged_by": null,
        "must_retreat": false,
        "attacker_territory": null
    }
},
{
    "model": "core.piecestate",
    "pk": 114,
    "fields": {
        "turn": 5,
        "piece": 17,
        "territory": 31,
        "named_coast": null,
        "dislodged": false,
        "dislodged_by": null,
        "must_retreat": false,
        "attacker_territory": null
    }
},
{
    "model": "core.piecestate",
    "pk": 115,
    "fields": {
        "turn": 5,
        "piece": 18,
        "territory": 65,
        "named_coast": null,
        "dislodged": false,
        "dislodged_by": null,
        "must_retreat": false,
        "attacker_territory": null
    }
},
{
    "model": "core.piecestate",
    "pk": 116,
    "fields": {
        "turn": 5,
        "piece": 19,
        "territory": 43,
        "named_coast": null,
        "dislodged": false,
        "dislodged_by": null,
        "must_retreat": false,
        "attacker_territory": null
    }
},
{
    "model": "core.piecestate",
    "pk": 117,
    "fields": {
        "turn": 5,
        "piece": 20,
        "territory": 53,
        "named_coast": null,
        "dislodged": false,
        "dislodged_by": null,
        "must_retreat": false,
        "attacker_territory": null
    }
},
{
    "model": "core.piecestate",
    "pk": 118,
    "fields": {
        "turn": 5,
        "piece": 21,
        "territory": 47,
        "named_coast": null,
        "dislodged": false,
        "dislodged_by": null,
        "must_retreat": false,
        "attacker_territory": null
    }
},
{
    "model": "core.piecestate",
    "pk": 119,
    "fields": {
        "turn": 5,
        "piece": 22,
        "territory": 51,
        "named_coast": null,
        "dislodged": false,
        "dislodged_by": null,
        "must_retreat": false,
        "attacker_territory": null
    }
},
{
    "model": "core.piecestate",
    "pk": 120,
    "fields": {
        "turn": 5,
        "piece": 23,
        "territory": 71,
        "named_coast": null,
        "dislodged": false,
        "dislodged_by": null,
        "must_retreat": false,
        "attacker_territory": null
    }
},
{
    "model": "core.piecestate",
    "pk": 121,
    "fields": {
        "turn": 5,
        "piece": 24,
        "territory": 41,
        "named_coast": null,
        "dislodged": false,
        "dislodged_by": null,
        "must_retreat": false,
        "attacker_territory": null
    }
},
{
    "model": "core.piecestate",
    "pk": 122,
    "fields": {
        "turn": 5,
        "piece": 25,
        "territory": 75,
        "named_coast": null,
        "dislodged": false,
        "dislodged_by": null,
        "must_retreat": false,
        "attacker_territory": null
    }
},
{
    "model": "core.piecestate",
    "pk": 123,
    "fields": {
        "turn": 5,
        "piece": 26,
        "territory": 72,
        "named_coast": null,
        "dislodged": false,
        "dislodged_by": null,
        "must_retreat": false,
        "attacker_territory": null
    }
},
{
    "model": "core.piecestate",
    "pk": 124,
    "fields": {
        "turn": 5,
        "piece": 27,
        "territory": 50,
        "named_coast": null,
        "dislodged": false,
        "dislodged_by": null,
        "must_retreat": false,
        "attacker_territory": null
    }
},
{
    "model": "core.piecestate",
    "pk": 125,
    "fields": {
        "turn": 5,
        "piece": 28,
        "territory": 24,
        "named_coast": null,
        "dislodged": false,
        "dislodged_by": null,
        "must_retreat": false,
        "attacker_territory": null
    }
},
{
    "model": "core.piecestate",
    "pk": 126,
    "fields": {
        "turn": 5,
        "piece": 29,
        "territory": 36,
        "named_coast": null,
        "dislodged": false,
        "dislodged_by": null,
        "must_retreat": false,
        "attacker_territory": null
    }
},
{
    "model": "core.piecestate",
    "pk": 127,
    "fields": {
        "turn": 5,
        "piece": 30,
        "territory": 64,
        "named_coast": null,
        "dislodged": false,
        "dislodged_by": null,
        "must_retreat": false,
        "attacker_territory": null
    }
},
{
    "model": "core.piecestate",
    "pk": 128,
    "fields": {
        "turn": 5,
        "piece": 31,
        "territory": 35,
        "named_coast": null,
        "dislodged": false,
        "dislodged_by": null,
        "must_retreat": false,
        "attacker_territory": null
    }
},
{
    "model": "core.territory",
    "pk": 1,
    "fields": {
        "name": "adriatic sea",
        "controlled_by_initial": null,
        "variant": 1,
        "nationality": null,
        "type": "sea",
        "supply_center": false,
        "initial_piece_type": null,
        "neighbours": [
            11,
            20,
            22,
            53,
            56
        ],
        "shared_coasts": []
    }
},
{
    "model": "core.territory",
    "pk": 2,
    "fields": {
        "name": "aegean sea",
        "controlled_by_initial": null,
        "variant": 1,
        "nationality": null,
        "type": "sea",
        "supply_center": false,
        "initial_piece_type": null,
        "neighbours": [
            7,
            11,
            28,
            33,
            50,
            73
        ],
        "shared_coasts": []
    }
},
{
    "model": "core.territory",
    "pk": 3,
    "fields": {
        "name": "baltic sea",
        "controlled_by_initial": null,
        "variant": 1,
        "nationality": null,
        "type": "sea",
        "supply_center": false,
        "initial_piece_type": null,
        "neighbours": [
            6,
            24,
            29,
            35,
            37,
            48,
            51
        ],
        "shared_coasts": []
    }
},
{
    "model": "core.territory",
    "pk": 4,
    "fields": {
        "name": "barents sea",
        "controlled_by_initial": null,
        "variant": 1,
        "nationality": null,
        "type": "sea",
        "supply_center": false,
        "initial_piece_type": null,
        "neighbours": [
            15,
            42
        ],
        "shared_coasts": []
    }
},
{
    "model": "core.territory",
    "pk": 5,
    "fields": {
        "name": "black sea",
        "controlled_by_initial": null,
        "variant": 1,
        "nationality": null,
        "type": "sea",
        "supply_center": false,
        "initial_piece_type": null,
        "neighbours": [
            21,
            28,
            47,
            49,
            73
        ],
        "shared_coasts": []
    }
},
{
    "model": "core.territory",
    "pk": 6,
    "fields": {
        "name": "gulf of bothnia",
        "controlled_by_initial": null,
        "variant": 1,
        "nationality": null,
        "type": "sea",
        "supply_center": false,
        "initial_piece_type": null,
        "neighbours": [
            3,
            31,
            37,
            51,
            75
        ],
        "shared_coasts": []
    }
},
{
    "model": "core.territory",
    "pk": 7,
    "fields": {
        "name": "eastern mediterranean",
        "controlled_by_initial": null,
        "variant": 1,
        "nationality": null,
        "type": "sea",
        "supply_center": false,
        "initial_piece_type": null,
        "neighbours": [
            2,
            50,
            52
        ],
        "shared_coasts": []
    }
},
{
    "model": "core.territory",
    "pk": 8,
    "fields": {
        "name": "english channel",
        "controlled_by_initial": null,
        "variant": 1,
        "nationality": null,
        "type": "sea",
        "supply_center": false,
        "initial_piece_type": null,
        "neighbours": [
            12,
            13,
            16,
            25,
            26,
            36,
            43,
            57
        ],
        "shared_coasts": []
    }
},
{
    "model": "core.territory",
    "pk": 9,
    "fields": {
        "name": "gulf of lyon",
        "controlled_by_initial": null,
        "variant": 1,
        "nationality": null,
        "type": "sea",
        "supply_center": false,
        "initial_piece_type": null,
        "neighbours": [
            18,
            19,
            39,
            44,
            55,
            74
        ],
        "shared_coasts": [
            74
        ]
    }
},
{
    "model": "core.territory",
    "pk": 10,
    "fields": {
        "name": "helgoland bight",
        "controlled_by_initial": null,
        "variant": 1,
        "nationality": null,
        "type": "sea",
        "supply_center": false,
        "initial_piece_type": null,
        "neighbours": [
            16,
            29,
            34,
            35
        ],
        "shared_coasts": []
    }
},
{
    "model": "core.territory",
    "pk": 11,
    "fields": {
        "name": "ionian sea",
        "controlled_by_initial": null,
        "variant": 1,
        "nationality": null,
        "type": "sea",
        "supply_center": false,
        "initial_piece_type": null,
        "neighbours": [
            1,
            2,
            18,
            20,
            22,
            33,
            41,
            54
        ],
        "shared_coasts": []
    }
},
{
    "model": "core.territory",
    "pk": 12,
    "fields": {
        "name": "irish sea",
        "controlled_by_initial": null,
        "variant": 1,
        "nationality": null,
        "type": "sea",
        "supply_center": false,
        "initial_piece_type": null,
        "neighbours": [
            8,
            13,
            14,
            27,
            38,
            57
        ],
        "shared_coasts": []
    }
},
{
    "model": "core.territory",
    "pk": 13,
    "fields": {
        "name": "mid-atlantic ocean",
        "controlled_by_initial": null,
        "variant": 1,
        "nationality": null,
        "type": "sea",
        "supply_center": false,
        "initial_piece_type": null,
        "neighbours": [
            8,
            12,
            14,
            19,
            26,
            32,
            40,
            45,
            74
        ],
        "shared_coasts": [
            74
        ]
    }
},
{
    "model": "core.territory",
    "pk": 14,
    "fields": {
        "name": "north atlantic ocean",
        "controlled_by_initial": null,
        "variant": 1,
        "nationality": null,
        "type": "sea",
        "supply_center": false,
        "initial_piece_type": null,
        "neighbours": [
            12,
            13,
            15,
            27,
            38
        ],
        "shared_coasts": []
    }
},
{
    "model": "core.territory",
    "pk": 15,
    "fields": {
        "name": "norwegian sea",
        "controlled_by_initial": null,
        "variant": 1,
        "nationality": null,
        "type": "sea",
        "supply_center": false,
        "initial_piece_type": null,
        "neighbours": [
            4,
            14,
            16,
            27,
            30,
            42
        ],
        "shared_coasts": []
    }
},
{
    "model": "core.territory",
    "pk": 16,
    "fields": {
        "name": "north sea",
        "controlled_by_initial": null,
        "variant": 1,
        "nationality": null,
        "type": "sea",
        "supply_center": false,
        "initial_piece_type": null,
        "neighbours": [
            8,
            10,
            15,
            17,
            25,
            29,
            30,
            34,
            36,
            42,
            58
        ],
        "shared_coasts": []
    }
},
{
    "model": "core.territory",
    "pk": 17,
    "fields": {
        "name": "skagerrak",
        "controlled_by_initial": null,
        "variant": 1,
        "nationality": null,
        "type": "sea",
        "supply_center": false,
        "initial_piece_type": null,
        "neighbours": [
            16,
            29,
            42,
            51
        ],
        "shared_coasts": []
    }
},
{
    "model": "core.territory",
    "pk": 18,
    "fields": {
        "name": "tyrrhenian sea",
        "controlled_by_initial": null,
        "variant": 1,
        "nationality": null,
        "type": "sea",
        "supply_center": false,
        "initial_piece_type": null,
        "neighbours": [
            9,
            11,
            19,
            41,
            46,
            54,
            55,
            56
        ],
        "shared_coasts": []
    }
},
{
    "model": "core.territory",
    "pk": 19,
    "fields": {
        "name": "western mediterranean",
        "controlled_by_initial": null,
        "variant": 1,
        "nationality": null,
        "type": "sea",
        "supply_center": false,
        "initial_piece_type": null,
        "neighbours": [
            9,
            13,
            18,
            40,
            54,
            74
        ],
        "shared_coasts": []
    }
},
{
    "model": "core.territory",
    "pk": 20,
    "fields": {
        "name": "albania",
        "controlled_by_initial": null,
        "variant": 1,
        "nationality": null,
        "type": "coastal",
        "supply_center": false,
        "initial_piece_type": null,
        "neighbours": [
            1,
            11,
            33,
            53,
            67
        ],
        "shared_coasts": [
            33,
            53
        ]
    }
},
{
    "model": "core.territory",
    "pk": 21,
    "fields": {
        "name": "ankara",
        "controlled_by_initial": 7,
        "variant": 1,
        "nationality": 7,
        "type": "coastal",
        "supply_center": true,
        "initial_piece_type": "fleet",
        "neighbours": [
            5,
            23,
            28,
            50
        ],
        "shared_coasts": [
            23,
            28
        ]
    }
},
{
    "model": "core.territory",
    "pk": 22,
    "fields": {
        "name": "apulia",
        "controlled_by_initial": 5,
        "variant": 1,
        "nationality": 5,
        "type": "coastal",
        "supply_center": false,
        "initial_piece_type": null,
        "neighbours": [
            1,
            11,
            41,
            46,
            56
        ],
        "shared_coasts": [
            41,
            56
        ]
    }
},
{
    "model": "core.territory",
    "pk": 23,
    "fields": {
        "name": "armenia",
        "controlled_by_initial": 7,
        "variant": 1,
        "nationality": 7,
        "type": "coastal",
        "supply_center": false,
        "initial_piece_type": null,
        "neighbours": [
            21,
            49,
            50,
            52
        ],
        "shared_coasts": [
            21,
            49
        ]
    }
},
{
    "model": "core.territory",
    "pk": 24,
    "fields": {
        "name": "berlin",
        "controlled_by_initial": 3,
        "variant": 1,
        "nationality": 3,
        "type": "coastal",
        "supply_center": true,
        "initial_piece_type": "army",
        "neighbours": [
            3,
            35,
            48,
            64,
            68
        ],
        "shared_coasts": [
            35,
            48
        ]
    }
},
{
    "model": "core.territory",
    "pk": 25,
    "fields": {
        "name": "belgium",
        "controlled_by_initial": null,
        "variant": 1,
        "nationality": null,
        "type": "coastal",
        "supply_center": true,
        "initial_piece_type": null,
        "neighbours": [
            8,
            16,
            34,
            43,
            61
        ],
        "shared_coasts": [
            34,
            43
        ]
    }
},
{
    "model": "core.territory",
    "pk": 26,
    "fields": {
        "name": "brest",
        "controlled_by_initial": 2,
        "variant": 1,
        "nationality": 2,
        "type": "coastal",
        "supply_center": true,
        "initial_piece_type": "fleet",
        "neighbours": [
            8,
            13,
            32,
            43,
            61,
            65,
            66
        ],
        "shared_coasts": [
            32,
            43
        ]
    }
},
{
    "model": "core.territory",
    "pk": 27,
    "fields": {
        "name": "clyde",
        "controlled_by_initial": 1,
        "variant": 1,
        "nationality": 1,
        "type": "coastal",
        "supply_center": false,
        "initial_piece_type": null,
        "neighbours": [
            12,
            14,
            15,
            30,
            38
        ],
        "shared_coasts": [
            30,
            38
        ]
    }
},
{
    "model": "core.territory",
    "pk": 28,
    "fields": {
        "name": "constantinople",
        "controlled_by_initial": 7,
        "variant": 1,
        "nationality": 7,
        "type": "coastal",
        "supply_center": true,
        "initial_piece_type": "army",
        "neighbours": [
            2,
            5,
            21,
            50,
            73
        ],
        "shared_coasts": [
            21,
            50,
            73
        ]
    }
},
{
    "model": "core.territory",
    "pk": 29,
    "fields": {
        "name": "denmark",
        "controlled_by_initial": null,
        "variant": 1,
        "nationality": null,
        "type": "coastal",
        "supply_center": true,
        "initial_piece_type": null,
        "neighbours": [
            3,
            10,
            16,
            17,
            35,
            51
        ],
        "shared_coasts": [
            35,
            51
        ]
    }
},
{
    "model": "core.territory",
    "pk": 30,
    "fields": {
        "name": "edinburgh",
        "controlled_by_initial": 1,
        "variant": 1,
        "nationality": 1,
        "type": "coastal",
        "supply_center": true,
        "initial_piece_type": "fleet",
        "neighbours": [
            15,
            16,
            27,
            38,
            58
        ],
        "shared_coasts": [
            27,
            58
        ]
    }
},
{
    "model": "core.territory",
    "pk": 31,
    "fields": {
        "name": "finland",
        "controlled_by_initial": null,
        "variant": 1,
        "nationality": null,
        "type": "coastal",
        "supply_center": false,
        "initial_piece_type": null,
        "neighbours": [
            6,
            42,
            51,
            75
        ],
        "shared_coasts": [
            51,
            75
        ]
    }
},
{
    "model": "core.territory",
    "pk": 32,
    "fields": {
        "name": "gascony",
        "controlled_by_initial": 2,
        "variant": 1,
        "nationality": 2,
        "type": "coastal",
        "supply_center": false,
        "initial_piece_type": null,
        "neighbours": [
            13,
            26,
            39,
            61,
            65,
            74
        ],
        "shared_coasts": [
            26,
            74
        ]
    }
},
{
    "model": "core.territory",
    "pk": 33,
    "fields": {
        "name": "greece",
        "controlled_by_initial": null,
        "variant": 1,
        "nationality": null,
        "type": "coastal",
        "supply_center": true,
        "initial_piece_type": null,
        "neighbours": [
            2,
            11,
            20,
            67,
            73
        ],
        "shared_coasts": [
            20,
            73
        ]
    }
},
{
    "model": "core.territory",
    "pk": 34,
    "fields": {
        "name": "holland",
        "controlled_by_initial": null,
        "variant": 1,
        "nationality": null,
        "type": "coastal",
        "supply_center": true,
        "initial_piece_type": null,
        "neighbours": [
            10,
            16,
            25,
            35,
            66
        ],
        "shared_coasts": [
            25,
            35
        ]
    }
},
{
    "model": "core.territory",
    "pk": 35,
    "fields": {
        "name": "kiel",
        "controlled_by_initial": 3,
        "variant": 1,
        "nationality": 3,
        "type": "coastal",
        "supply_center": true,
        "initial_piece_type": "fleet",
        "neighbours": [
            3,
            10,
            24,
            29,
            34,
            64,
            66
        ],
        "shared_coasts": [
            24,
            29,
            34
        ]
    }
},
{
    "model": "core.territory",
    "pk": 36,
    "fields": {
        "name": "london",
        "controlled_by_initial": 1,
        "variant": 1,
        "nationality": 1,
        "type": "coastal",
        "supply_center": true,
        "initial_piece_type": "fleet",
        "neighbours": [
            8,
            16,
            57,
            58
        ],
        "shared_coasts": [
            57,
            58
        ]
    }
},
{
    "model": "core.territory",
    "pk": 37,
    "fields": {
        "name": "livonia",
        "controlled_by_initial": 6,
        "variant": 1,
        "nationality": 6,
        "type": "coastal",
        "supply_center": false,
        "initial_piece_type": null,
        "neighbours": [
            3,
            6,
            48,
            63,
            72,
            75
        ],
        "shared_coasts": [
            48,
            75
        ]
    }
},
{
    "model": "core.territory",
    "pk": 38,
    "fields": {
        "name": "liverpool",
        "controlled_by_initial": 1,
        "variant": 1,
        "nationality": 1,
        "type": "coastal",
        "supply_center": true,
        "initial_piece_type": "army",
        "neighbours": [
            12,
            14,
            27,
            30,
            57,
            58
        ],
        "shared_coasts": [
            27,
            57
        ]
    }
},
{
    "model": "core.territory",
    "pk": 39,
    "fields": {
        "name": "marseilles",
        "controlled_by_initial": 2,
        "variant": 1,
        "nationality": 2,
        "type": "coastal",
        "supply_center": true,
        "initial_piece_type": "army",
        "neighbours": [
            9,
            32,
            44,
            61,
            74
        ],
        "shared_coasts": [
            44,
            74
        ]
    }
},
{
    "model": "core.territory",
    "pk": 40,
    "fields": {
        "name": "north africa",
        "controlled_by_initial": null,
        "variant": 1,
        "nationality": null,
        "type": "coastal",
        "supply_center": false,
        "initial_piece_type": null,
        "neighbours": [
            13,
            19,
            54
        ],
        "shared_coasts": [
            54
        ]
    }
},
{
    "model": "core.territory",
    "pk": 41,
    "fields": {
        "name": "naples",
        "controlled_by_initial": 5,
        "variant": 1,
        "nationality": 5,
        "type": "coastal",
        "supply_center": true,
        "initial_piece_type": "fleet",
        "neighbours": [
            11,
            18,
            22,
            46
        ],
        "shared_coasts": [
            22,
            46
        ]
    }
},
{
    "model": "core.territory",
    "pk": 42,
    "fields": {
        "name": "norway",
        "controlled_by_initial": null,
        "variant": 1,
        "nationality": null,
        "type": "coastal",
        "supply_center": true,
        "initial_piece_type": null,
        "neighbours": [
            4,
            15,
            16,
            17,
            31,
            51,
            75
        ],
        "shared_coasts": [
            51,
            75
        ]
    }
},
{
    "model": "core.territory",
    "pk": 43,
    "fields": {
        "name": "picardy",
        "controlled_by_initial": 2,
        "variant": 1,
        "nationality": 2,
        "type": "coastal",
        "supply_center": false,
        "initial_piece_type": null,
        "neighbours": [
            8,
            25,
            26,
            61,
            65
        ],
        "shared_coasts": [
            25,
            26
        ]
    }
},
{
    "model": "core.territory",
    "pk": 44,
    "fields": {
        "name": "piedmont",
        "controlled_by_initial": 5,
        "variant": 1,
        "nationality": 5,
        "type": "coastal",
        "supply_center": false,
        "initial_piece_type": null,
        "neighbours": [
            9,
            39,
            55,
            56,
            69
        ],
        "shared_coasts": [
            39,
            55
        ]
    }
},
{
    "model": "core.territory",
    "pk": 45,
    "fields": {
        "name": "portugal",
        "controlled_by_initial": null,
        "variant": 1,
        "nationality": null,
        "type": "coastal",
        "supply_center": true,
        "initial_piece_type": null,
        "neighbours": [
            13,
            74
        ],
        "shared_coasts": [
            74
        ]
    }
},
{
    "model": "core.territory",
    "pk": 46,
    "fields": {
        "name": "rome",
        "controlled_by_initial": 5,
        "variant": 1,
        "nationality": 5,
        "type": "coastal",
        "supply_center": true,
        "initial_piece_type": "army",
        "neighbours": [
            18,
            22,
            41,
            55,
            56
        ],
        "shared_coasts": [
            41,
            55
        ]
    }
},
{
    "model": "core.territory",
    "pk": 47,
    "fields": {
        "name": "rumania",
        "controlled_by_initial": null,
        "variant": 1,
        "nationality": null,
        "type": "coastal",
        "supply_center": true,
        "initial_piece_type": null,
        "neighbours": [
            5,
            49,
            60,
            62,
            63,
            67,
            70,
            73
        ],
        "shared_coasts": [
            49,
            73
        ]
    }
},
{
    "model": "core.territory",
    "pk": 48,
    "fields": {
        "name": "prussia",
        "controlled_by_initial": 3,
        "variant": 1,
        "nationality": 3,
        "type": "coastal",
        "supply_center": false,
        "initial_piece_type": null,
        "neighbours": [
            3,
            24,
            37,
            68,
            72
        ],
        "shared_coasts": [
            24,
            37
        ]
    }
},
{
    "model": "core.territory",
    "pk": 49,
    "fields": {
        "name": "sevastopol",
        "controlled_by_initial": 6,
        "variant": 1,
        "nationality": 6,
        "type": "coastal",
        "supply_center": true,
        "initial_piece_type": "fleet",
        "neighbours": [
            5,
            23,
            47,
            63,
            70
        ],
        "shared_coasts": [
            23,
            47
        ]
    }
},
{
    "model": "core.territory",
    "pk": 50,
    "fields": {
        "name": "smyrna",
        "controlled_by_initial": 7,
        "variant": 1,
        "nationality": 7,
        "type": "coastal",
        "supply_center": true,
        "initial_piece_type": "army",
        "neighbours": [
            2,
            7,
            21,
            23,
            28,
            52
        ],
        "shared_coasts": [
            28,
            52
        ]
    }
},
{
    "model": "core.territory",
    "pk": 51,
    "fields": {
        "name": "sweden",
        "controlled_by_initial": null,
        "variant": 1,
        "nationality": null,
        "type": "coastal",
        "supply_center": true,
        "initial_piece_type": null,
        "neighbours": [
            3,
            6,
            17,
            29,
            31,
            42
        ],
        "shared_coasts": [
            29,
            31,
            42
        ]
    }
},
{
    "model": "core.territory",
    "pk": 52,
    "fields": {
        "name": "syria",
        "controlled_by_initial": 7,
        "variant": 1,
        "nationality": 7,
        "type": "coastal",
        "supply_center": false,
        "initial_piece_type": null,
        "neighbours": [
            7,
            23,
            50,
            53
        ],
        "shared_coasts": [
            50
        ]
    }
},
{
    "model": "core.territory",
    "pk": 53,
    "fields": {
        "name": "trieste",
        "controlled_by_initial": 4,
        "variant": 1,
        "nationality": 4,
        "type": "coastal",
        "supply_center": true,
        "initial_piece_type": "fleet",
        "neighbours": [
            1,
            20,
            52,
            56,
            60,
            67,
            69,
            71
        ],
        "shared_coasts": [
            20,
            56
        ]
    }
},
{
    "model": "core.territory",
    "pk": 54,
    "fields": {
        "name": "tunis",
        "controlled_by_initial": null,
        "variant": 1,
        "nationality": null,
        "type": "coastal",
        "supply_center": true,
        "initial_piece_type": null,
        "neighbours": [
            11,
            18,
            19,
            40
        ],
        "shared_coasts": [
            40
        ]
    }
},
{
    "model": "core.territory",
    "pk": 55,
    "fields": {
        "name": "tuscany",
        "controlled_by_initial": 5,
        "variant": 1,
        "nationality": 5,
        "type": "coastal",
        "supply_center": false,
        "initial_piece_type": null,
        "neighbours": [
            9,
            18,
            44,
            46,
            56
        ],
        "shared_coasts": [
            44,
            46
        ]
    }
},
{
    "model": "core.territory",
    "pk": 56,
    "fields": {
        "name": "venice",
        "controlled_by_initial": 5,
        "variant": 1,
        "nationality": 5,
        "type": "coastal",
        "supply_center": true,
        "initial_piece_type": "army",
        "neighbours": [
            1,
            18,
            22,
            44,
            46,
            53,
            55,
            69
        ],
        "shared_coasts": [
            22,
            53
        ]
    }
},
{
    "model": "core.territory",
    "pk": 57,
    "fields": {
        "name": "wales",
        "controlled_by_initial": 1,
        "variant": 1,
        "nationality": 1,
        "type": "coastal",
        "supply_center": false,
        "initial_piece_type": null,
        "neighbours": [
            8,
            12,
            36,
            38,
            58
        ],
        "shared_coasts": [
            36,
            38
        ]
    }
},
{
    "model": "core.territory",
    "pk": 58,
    "fields": {
        "name": "yorkshire",
        "controlled_by_initial": 1,
        "variant": 1,
        "nationality": 1,
        "type": "coastal",
        "supply_center": false,
        "initial_piece_type": null,
        "neighbours": [
            16,
            30,
            36,
            38,
            57
        ],
        "shared_coasts": [
            30,
            36
        ]
    }
},
{
    "model": "core.territory",
    "pk": 59,
    "fields": {
        "name": "bohemia",
        "controlled_by_initial": 4,
        "variant": 1,
        "nationality": 4,
        "type": "inland",
        "supply_center": false,
        "initial_piece_type": null,
        "neighbours": [
            62,
            64,
            68,
            69,
            71
        ],
        "shared_coasts": []
    }
},
{
    "model": "core.territory",
    "pk": 60,
    "fields": {
        "name": "budapest",
        "controlled_by_initial": 4,
        "variant": 1,
        "nationality": 4,
        "type": "inland",
        "supply_center": true,
        "initial_piece_type": "army",
        "neighbours": [
            47,
            53,
            62,
            67,
            71
        ],
        "shared_coasts": []
    }
},
{
    "model": "core.territory",
    "pk": 61,
    "fields": {
        "name": "burgundy",
        "controlled_by_initial": 2,
        "variant": 1,
        "nationality": 2,
        "type": "inland",
        "supply_center": false,
        "initial_piece_type": null,
        "neighbours": [
            25,
            26,
            32,
            39,
            43,
            64,
            65,
            66
        ],
        "shared_coasts": []
    }
},
{
    "model": "core.territory",
    "pk": 62,
    "fields": {
        "name": "galicia",
        "controlled_by_initial": 4,
        "variant": 1,
        "nationality": 4,
        "type": "inland",
        "supply_center": false,
        "initial_piece_type": null,
        "neighbours": [
            47,
            59,
            60,
            68,
            70,
            71,
            72
        ],
        "shared_coasts": []
    }
},
{
    "model": "core.territory",
    "pk": 63,
    "fields": {
        "name": "moscow",
        "controlled_by_initial": 6,
        "variant": 1,
        "nationality": 6,
        "type": "inland",
        "supply_center": true,
        "initial_piece_type": "army",
        "neighbours": [
            37,
            47,
            49,
            70,
            72,
            75
        ],
        "shared_coasts": []
    }
},
{
    "model": "core.territory",
    "pk": 64,
    "fields": {
        "name": "munich",
        "controlled_by_initial": 3,
        "variant": 1,
        "nationality": 3,
        "type": "inland",
        "supply_center": true,
        "initial_piece_type": "army",
        "neighbours": [
            24,
            35,
            59,
            61,
            66,
            68,
            69
        ],
        "shared_coasts": []
    }
},
{
    "model": "core.territory",
    "pk": 65,
    "fields": {
        "name": "paris",
        "controlled_by_initial": 2,
        "variant": 1,
        "nationality": 2,
        "type": "inland",
        "supply_center": true,
        "initial_piece_type": "army",
        "neighbours": [
            26,
            32,
            43,
            61
        ],
        "shared_coasts": []
    }
},
{
    "model": "core.territory",
    "pk": 66,
    "fields": {
        "name": "ruhr",
        "controlled_by_initial": 3,
        "variant": 1,
        "nationality": 3,
        "type": "inland",
        "supply_center": false,
        "initial_piece_type": null,
        "neighbours": [
            26,
            34,
            35,
            61,
            64
        ],
        "shared_coasts": []
    }
},
{
    "model": "core.territory",
    "pk": 67,
    "fields": {
        "name": "serbia",
        "controlled_by_initial": null,
        "variant": 1,
        "nationality": null,
        "type": "inland",
        "supply_center": true,
        "initial_piece_type": null,
        "neighbours": [
            20,
            33,
            47,
            53,
            60,
            73
        ],
        "shared_coasts": []
    }
},
{
    "model": "core.territory",
    "pk": 68,
    "fields": {
        "name": "silesia",
        "controlled_by_initial": 3,
        "variant": 1,
        "nationality": 3,
        "type": "inland",
        "supply_center": false,
        "initial_piece_type": null,
        "neighbours": [
            24,
            48,
            59,
            62,
            64,
            72
        ],
        "shared_coasts": []
    }
},
{
    "model": "core.territory",
    "pk": 69,
    "fields": {
        "name": "tyrolia",
        "controlled_by_initial": 4,
        "variant": 1,
        "nationality": 4,
        "type": "inland",
        "supply_center": false,
        "initial_piece_type": null,
        "neighbours": [
            44,
            53,
            56,
            59,
            64,
            71
        ],
        "shared_coasts": []
    }
},
{
    "model": "core.territory",
    "pk": 70,
    "fields": {
        "name": "ukraine",
        "controlled_by_initial": 6,
        "variant": 1,
        "nationality": 6,
        "type": "inland",
        "supply_center": false,
        "initial_piece_type": null,
        "neighbours": [
            47,
            49,
            62,
            63,
            72
        ],
        "shared_coasts": []
    }
},
{
    "model": "core.territory",
    "pk": 71,
    "fields": {
        "name": "vienna",
        "controlled_by_initial": 4,
        "variant": 1,
        "nationality": 4,
        "type": "inland",
        "supply_center": true,
        "initial_piece_type": "army",
        "neighbours": [
            53,
            59,
            60,
            62,
            69
        ],
        "shared_coasts": []
    }
},
{
    "model": "core.territory",
    "pk": 72,
    "fields": {
        "name": "warsaw",
        "controlled_by_initial": 6,
        "variant": 1,
        "nationality": 6,
        "type": "inland",
        "supply_center": true,
        "initial_piece_type": "army",
        "neighbours": [
            37,
            48,
            62,
            63,
            68,
            70
        ],
        "shared_coasts": []
    }
},
{
    "model": "core.territory",
    "pk": 73,
    "fields": {
        "name": "bulgaria",
        "controlled_by_initial": null,
        "variant": 1,
        "nationality": null,
        "type": "coastal",
        "supply_center": true,
        "initial_piece_type": null,
        "neighbours": [
            2,
            5,
            28,
            33,
            47,
            67
        ],
        "shared_coasts": [
            28,
            33,
            47
        ]
    }
},
{
    "model": "core.territory",
    "pk": 74,
    "fields": {
        "name": "spain",
        "controlled_by_initial": null,
        "variant": 1,
        "nationality": null,
        "type": "coastal",
        "supply_center": true,
        "initial_piece_type": null,
        "neighbours": [
            9,
            13,
            19,
            32,
            39,
            45
        ],
        "shared_coasts": [
            9,
            13,
            32,
            39,
            45
        ]
    }
},
{
    "model": "core.territory",
    "pk": 75,
    "fields": {
        "name": "st. petersburg",
        "controlled_by_initial": 6,
        "variant": 1,
        "nationality": 6,
        "type": "coastal",
        "supply_center": true,
        "initial_piece_type": "fleet",
        "neighbours": [
            6,
            31,
            37,
            42,
            63
        ],
        "shared_coasts": [
            31,
            37,
            42
        ]
    }
},
{
    "model": "core.territorystate",
    "pk": 76,
    "fields": {
        "turn": 2,
        "territory": 1,
        "controlled_by": null
    }
},
{
    "model": "core.territorystate",
    "pk": 77,
    "fields": {
        "turn": 2,
        "territory": 2,
        "controlled_by": null
    }
},
{
    "model": "core.territorystate",
    "pk": 78,
    "fields": {
        "turn": 2,
        "territory": 3,
        "controlled_by": null
    }
},
{
    "model": "core.territorystate",
    "pk": 79,
    "fields": {
        "turn": 2,
        "territory": 4,
        "controlled_by": null
    }
},
{
    "model": "core.territorystate",
    "pk": 80,
    "fields": {
        "turn": 2,
        "territory": 5,
        "controlled_by": null
    }
},
{
    "model": "core.territorystate",
    "pk": 81,
    "fields": {
        "turn": 2,
        "territory": 6,
        "controlled_by": null
    }
},
{
    "model": "core.territorystate",
    "pk": 82,
    "fields": {
        "turn": 2,
        "territory": 7,
        "controlled_by": null
    }
},
{
    "model": "core.territorystate",
    "pk": 83,
    "fields": {
        "turn": 2,
        "territory": 8,
        "controlled_by": null
    }
},
{
    "model": "core.territorystate",
    "pk": 84,
    "fields": {
        "turn": 2,
        "territory": 9,
        "controlled_by": null
    }
},
{
    "model": "core.territorystate",
    "pk": 85,
    "fields": {
        "turn": 2,
        "territory": 10,
        "controlled_by": null
    }
},
{
    "model": "core.territorystate",
    "pk": 86,
    "fields": {
        "turn": 2,
        "territory": 11,
        "controlled_by": null
    }
},
{
    "model": "core.territorystate",
    "pk": 87,
    "fields": {
        "turn": 2,
        "territory": 12,
        "controlled_by": null
    }
},
{
    "model": "core.territorystate",
    "pk": 88,
    "fields": {
        "turn": 2,
        "territory": 13,
        "controlled_by": null
    }
},
{
    "model": "core.territorystate",
    "pk": 89,
    "fields": {
        "turn": 2,
        "territory": 14,
        "controlled_by": null
    }
},
{
    "model": "core.territorystate",
    "pk": 90,
    "fields": {
        "turn": 2,
        "territory": 15,
        "controlled_by": null
    }
},
{
    "model": "core.territorystate",
    "pk": 91,
    "fields": {
        "turn": 2,
        "territory": 16,
        "controlled_by": null
    }
},
{
    "model": "core.territorystate",
    "pk": 92,
    "fields": {
        "turn": 2,
        "territory": 17,
        "controlled_by": null
    }
},
{
    "model": "core.territorystate",
    "pk": 93,
    "fields": {
        "turn": 2,
        "territory": 18,
        "controlled_by": null
    }
},
{
    "model": "core.territorystate",
    "pk": 94,
    "fields": {
        "turn": 2,
        "territory": 19,
        "controlled_by": null
    }
},
{
    "model": "core.territorystate",
    "pk": 95,
    "fields": {
        "turn": 2,
        "territory": 20,
        "controlled_by": null
    }
},
{
    "model": "core.territorystate",
    "pk": 96,
    "fields": {
        "turn": 2,
        "territory": 21,
        "controlled_by": 7
    }
},
{
    "model": "core.territorystate",
    "pk": 97,
    "fields": {
        "turn": 2,
        "territory": 22,
        "controlled_by": 5
    }
},
{
    "model": "core.territorystate",
    "pk": 98,
    "fields": {
        "turn": 2,
        "territory": 23,
        "controlled_by": 7
    }
},
{
    "model": "core.territorystate",
    "pk": 99,
    "fields": {
        "turn": 2,
        "territory": 24,
        "controlled_by": 3
    }
},
{
    "model": "core.territorystate",
    "pk": 100,
    "fields": {
        "turn": 2,
        "territory": 25,
        "controlled_by": null
    }
},
{
    "model": "core.territorystate",
    "pk": 101,
    "fields": {
        "turn": 2,
        "territory": 26,
        "controlled_by": 2
    }
},
{
    "model": "core.territorystate",
    "pk": 102,
    "fields": {
        "turn": 2,
        "territory": 27,
        "controlled_by": 1
    }
},
{
    "model": "core.territorystate",
    "pk": 103,
    "fields": {
        "turn": 2,
        "territory": 28,
        "controlled_by": 7
    }
},
{
    "model": "core.territorystate",
    "pk": 104,
    "fields": {
        "turn": 2,
        "territory": 29,
        "controlled_by": null
    }
},
{
    "model": "core.territorystate",
    "pk": 105,
    "fields": {
        "turn": 2,
        "territory": 30,
        "controlled_by": 1
    }
},
{
    "model": "core.territorystate",
    "pk": 106,
    "fields": {
        "turn": 2,
        "territory": 31,
        "controlled_by": null
    }
},
{
    "model": "core.territorystate",
    "pk": 107,
    "fields": {
        "turn": 2,
        "territory": 32,
        "controlled_by": 2
    }
},
{
    "model": "core.territorystate",
    "pk": 108,
    "fields": {
        "turn": 2,
        "territory": 33,
        "controlled_by": null
    }
},
{
    "model": "core.territorystate",
    "pk": 109,
    "fields": {
        "turn": 2,
        "territory": 34,
        "controlled_by": null
    }
},
{
    "model": "core.territorystate",
    "pk": 110,
    "fields": {
        "turn": 2,
        "territory": 35,
        "controlled_by": 3
    }
},
{
    "model": "core.territorystate",
    "pk": 111,
    "fields": {
        "turn": 2,
        "territory": 36,
        "controlled_by": 1
    }
},
{
    "model": "core.territorystate",
    "pk": 112,
    "fields": {
        "turn": 2,
        "territory": 37,
        "controlled_by": 6
    }
},
{
    "model": "core.territorystate",
    "pk": 113,
    "fields": {
        "turn": 2,
        "territory": 38,
        "controlled_by": 1
    }
},
{
    "model": "core.territorystate",
    "pk": 114,
    "fields": {
        "turn": 2,
        "territory": 39,
        "controlled_by": 2
    }
},
{
    "model": "core.territorystate",
    "pk": 115,
    "fields": {
        "turn": 2,
        "territory": 40,
        "controlled_by": null
    }
},
{
    "model": "core.territorystate",
    "pk": 116,
    "fields": {
        "turn": 2,
        "territory": 41,
        "controlled_by": 5
    }
},
{
    "model": "core.territorystate",
    "pk": 117,
    "fields": {
        "turn": 2,
        "territory": 42,
        "controlled_by": null
    }
},
{
    "model": "core.territorystate",
    "pk": 118,
    "fields": {
        "turn": 2,
        "territory": 43,
        "controlled_by": 2
    }
},
{
    "model": "core.territorystate",
    "pk": 119,
    "fields": {
        "turn": 2,
        "territory": 44,
        "controlled_by": 5
    }
},
{
    "model": "core.territorystate",
    "pk": 120,
    "fields": {
        "turn": 2,
        "territory": 45,
        "controlled_by": null
    }
},
{
    "model": "core.territorystate",
    "pk": 121,
    "fields": {
        "turn": 2,
        "territory": 46,
        "controlled_by": 5
    }
},
{
    "model": "core.territorystate",
    "pk": 122,
    "fields": {
        "turn": 2,
        "territory": 47,
        "controlled_by": null
    }
},
{
    "model": "core.territorystate",
    "pk": 123,
    "fields": {
        "turn": 2,
        "territory": 48,
        "controlled_by": 3
    }
},
{
    "model": "core.territorystate",
    "pk": 124,
    "fields": {
        "turn": 2,
        "territory": 49,
        "controlled_by": 6
    }
},
{
    "model": "core.territorystate",
    "pk": 125,
    "fields": {
        "turn": 2,
        "territory": 50,
        "controlled_by": 7
    }
},
{
    "model": "core.territorystate",
    "pk": 126,
    "fields": {
        "turn": 2,
        "territory": 51,
        "controlled_by": null
    }
},
{
    "model": "core.territorystate",
    "pk": 127,
    "fields": {
        "turn": 2,
        "territory": 52,
        "controlled_by": 7
    }
},
{
    "model": "core.territorystate",
    "pk": 128,
    "fields": {
        "turn": 2,
        "territory": 53,
        "controlled_by": 4
    }
},
{
    "model": "core.territorystate",
    "pk": 129,
    "fields": {
        "turn": 2,
        "territory": 54,
        "controlled_by": null
    }
},
{
    "model": "core.territorystate",
    "pk": 130,
    "fields": {
        "turn": 2,
        "territory": 55,
        "controlled_by": 5
    }
},
{
    "model": "core.territorystate",
    "pk": 131,
    "fields": {
        "turn": 2,
        "territory": 56,
        "controlled_by": 5
    }
},
{
    "model": "core.territorystate",
    "pk": 132,
    "fields": {
        "turn": 2,
        "territory": 57,
        "controlled_by": 1
    }
},
{
    "model": "core.territorystate",
    "pk": 133,
    "fields": {
        "turn": 2,
        "territory": 58,
        "controlled_by": 1
    }
},
{
    "model": "core.territorystate",
    "pk": 134,
    "fields": {
        "turn": 2,
        "territory": 59,
        "controlled_by": 4
    }
},
{
    "model": "core.territorystate",
    "pk": 135,
    "fields": {
        "turn": 2,
        "territory": 60,
        "controlled_by": 4
    }
},
{
    "model": "core.territorystate",
    "pk": 136,
    "fields": {
        "turn": 2,
        "territory": 61,
        "controlled_by": 2
    }
},
{
    "model": "core.territorystate",
    "pk": 137,
    "fields": {
        "turn": 2,
        "territory": 62,
        "controlled_by": 4
    }
},
{
    "model": "core.territorystate",
    "pk": 138,
    "fields": {
        "turn": 2,
        "territory": 63,
        "controlled_by": 6
    }
},
{
    "model": "core.territorystate",
    "pk": 139,
    "fields": {
        "turn": 2,
        "territory": 64,
        "controlled_by": 3
    }
},
{
    "model": "core.territorystate",
    "pk": 140,
    "fields": {
        "turn": 2,
        "territory": 65,
        "controlled_by": 2
    }
},
{
    "model": "core.territorystate",
    "pk": 141,
    "fields": {
        "turn": 2,
        "territory": 66,
        "controlled_by": 3
    }
},
{
    "model": "core.territorystate",
    "pk": 142,
    "fields": {
        "turn": 2,
        "territory": 67,
        "controlled_by": null
    }
},
{
    "model": "core.territorystate",
    "pk": 143,
    "fields": {
        "turn": 2,
        "territory": 68,
        "controlled_by": 3
    }
},
{
    "model": "core.territorystate",
    "pk": 144,
    "fields": {
        "turn": 2,
        "territory": 69,
        "controlled_by": 4
    }
},
{
    "model": "core.territorystate",
    "pk": 145,
    "fields": {
        "turn": 2,
        "territory": 70,
        "controlled_by": 6
    }
},
{
    "model": "core.territorystate",
    "pk": 146,
    "fields": {
        "turn": 2,
        "territory": 71,
        "controlled_by": 4
    }
},
{
    "model": "core.territorystate",
    "pk": 147,
    "fields": {
        "turn": 2,
        "territory": 72,
        "controlled_by": 6
    }
},
{
    "model": "core.territorystate",
    "pk": 148,
    "fields": {
        "turn": 2,
        "territory": 73,
        "controlled_by": null
    }
},
{
    "model": "core.territorystate",
    "pk": 149,
    "fields": {
        "turn": 2,
        "territory": 74,
        "controlled_by": null
    }
},
{
    "model": "core.territorystate",
    "pk": 150,
    "fields": {
        "turn": 2,
        "territory": 75,
        "controlled_by": 6
    }
},
{
    "model": "core.territorystate",
    "pk": 151,
    "fields": {
        "turn": 3,
        "territory": 1,
        "controlled_by": null
    }
},
{
    "model": "core.territorystate",
    "pk": 152,
    "fields": {
        "turn": 3,
        "territory": 2,
        "controlled_by": null
    }
},
{
    "model": "core.territorystate",
    "pk": 153,
    "fields": {
        "turn": 3,
        "territory": 3,
        "controlled_by": null
    }
},
{
    "model": "core.territorystate",
    "pk": 154,
    "fields": {
        "turn": 3,
        "territory": 4,
        "controlled_by": null
    }
},
{
    "model": "core.territorystate",
    "pk": 155,
    "fields": {
        "turn": 3,
        "territory": 5,
        "controlled_by": null
    }
},
{
    "model": "core.territorystate",
    "pk": 156,
    "fields": {
        "turn": 3,
        "territory": 6,
        "controlled_by": null
    }
},
{
    "model": "core.territorystate",
    "pk": 157,
    "fields": {
        "turn": 3,
        "territory": 7,
        "controlled_by": null
    }
},
{
    "model": "core.territorystate",
    "pk": 158,
    "fields": {
        "turn": 3,
        "territory": 8,
        "controlled_by": null
    }
},
{
    "model": "core.territorystate",
    "pk": 159,
    "fields": {
        "turn": 3,
        "territory": 9,
        "controlled_by": null
    }
},
{
    "model": "core.territorystate",
    "pk": 160,
    "fields": {
        "turn": 3,
        "territory": 10,
        "controlled_by": null
    }
},
{
    "model": "core.territorystate",
    "pk": 161,
    "fields": {
        "turn": 3,
        "territory": 11,
        "controlled_by": null
    }
},
{
    "model": "core.territorystate",
    "pk": 162,
    "fields": {
        "turn": 3,
        "territory": 12,
        "controlled_by": null
    }
},
{
    "model": "core.territorystate",
    "pk": 163,
    "fields": {
        "turn": 3,
        "territory": 13,
        "controlled_by": null
    }
},
{
    "model": "core.territorystate",
    "pk": 164,
    "fields": {
        "turn": 3,
        "territory": 14,
        "controlled_by": null
    }
},
{
    "model": "core.territorystate",
    "pk": 165,
    "fields": {
        "turn": 3,
        "territory": 15,
        "controlled_by": null
    }
},
{
    "model": "core.territorystate",
    "pk": 166,
    "fields": {
        "turn": 3,
        "territory": 16,
        "controlled_by": null
    }
},
{
    "model": "core.territorystate",
    "pk": 167,
    "fields": {
        "turn": 3,
        "territory": 17,
        "controlled_by": null
    }
},
{
    "model": "core.territorystate",
    "pk": 168,
    "fields": {
        "turn": 3,
        "territory": 18,
        "controlled_by": null
    }
},
{
    "model": "core.territorystate",
    "pk": 169,
    "fields": {
        "turn": 3,
        "territory": 19,
        "controlled_by": null
    }
},
{
    "model": "core.territorystate",
    "pk": 170,
    "fields": {
        "turn": 3,
        "territory": 20,
        "controlled_by": null
    }
},
{
    "model": "core.territorystate",
    "pk": 171,
    "fields": {
        "turn": 3,
        "territory": 21,
        "controlled_by": 7
    }
},
{
    "model": "core.territorystate",
    "pk": 172,
    "fields": {
        "turn": 3,
        "territory": 22,
        "controlled_by": 5
    }
},
{
    "model": "core.territorystate",
    "pk": 173,
    "fields": {
        "turn": 3,
        "territory": 23,
        "controlled_by": 7
    }
},
{
    "model": "core.territorystate",
    "pk": 174,
    "fields": {
        "turn": 3,
        "territory": 24,
        "controlled_by": 3
    }
},
{
    "model": "core.territorystate",
    "pk": 175,
    "fields": {
        "turn": 3,
        "territory": 25,
        "controlled_by": null
    }
},
{
    "model": "core.territorystate",
    "pk": 176,
    "fields": {
        "turn": 3,
        "territory": 26,
        "controlled_by": 2
    }
},
{
    "model": "core.territorystate",
    "pk": 177,
    "fields": {
        "turn": 3,
        "territory": 27,
        "controlled_by": 1
    }
},
{
    "model": "core.territorystate",
    "pk": 178,
    "fields": {
        "turn": 3,
        "territory": 28,
        "controlled_by": 7
    }
},
{
    "model": "core.territorystate",
    "pk": 179,
    "fields": {
        "turn": 3,
        "territory": 29,
        "controlled_by": 3
    }
},
{
    "model": "core.territorystate",
    "pk": 180,
    "fields": {
        "turn": 3,
        "territory": 30,
        "controlled_by": 1
    }
},
{
    "model": "core.territorystate",
    "pk": 181,
    "fields": {
        "turn": 3,
        "territory": 31,
        "controlled_by": 6
    }
},
{
    "model": "core.territorystate",
    "pk": 182,
    "fields": {
        "turn": 3,
        "territory": 32,
        "controlled_by": 2
    }
},
{
    "model": "core.territorystate",
    "pk": 183,
    "fields": {
        "turn": 3,
        "territory": 33,
        "controlled_by": 4
    }
},
{
    "model": "core.territorystate",
    "pk": 184,
    "fields": {
        "turn": 3,
        "territory": 34,
        "controlled_by": 3
    }
},
{
    "model": "core.territorystate",
    "pk": 185,
    "fields": {
        "turn": 3,
        "territory": 35,
        "controlled_by": 3
    }
},
{
    "model": "core.territorystate",
    "pk": 186,
    "fields": {
        "turn": 3,
        "territory": 36,
        "controlled_by": 1
    }
},
{
    "model": "core.territorystate",
    "pk": 187,
    "fields": {
        "turn": 3,
        "territory": 37,
        "controlled_by": 6
    }
},
{
    "model": "core.territorystate",
    "pk": 188,
    "fields": {
        "turn": 3,
        "territory": 38,
        "controlled_by": 1
    }
},
{
    "model": "core.territorystate",
    "pk": 189,
    "fields": {
        "turn": 3,
        "territory": 39,
        "controlled_by": 2
    }
},
{
    "model": "core.territorystate",
    "pk": 190,
    "fields": {
        "turn": 3,
        "territory": 40,
        "controlled_by": null
    }
},
{
    "model": "core.territorystate",
    "pk": 191,
    "fields": {
        "turn": 3,
        "territory": 41,
        "controlled_by": 5
    }
},
{
    "model": "core.territorystate",
    "pk": 192,
    "fields": {
        "turn": 3,
        "territory": 42,
        "controlled_by": 1
    }
},
{
    "model": "core.territorystate",
    "pk": 193,
    "fields": {
        "turn": 3,
        "territory": 43,
        "controlled_by": 2
    }
},
{
    "model": "core.territorystate",
    "pk": 194,
    "fields": {
        "turn": 3,
        "territory": 44,
        "controlled_by": 5
    }
},
{
    "model": "core.territorystate",
    "pk": 195,
    "fields": {
        "turn": 3,
        "territory": 45,
        "controlled_by": null
    }
},
{
    "model": "core.territorystate",
    "pk": 196,
    "fields": {
        "turn": 3,
        "territory": 46,
        "controlled_by": 5
    }
},
{
    "model": "core.territorystate",
    "pk": 197,
    "fields": {
        "turn": 3,
        "territory": 47,
        "controlled_by": 6
    }
},
{
    "model": "core.territorystate",
    "pk": 198,
    "fields": {
        "turn": 3,
        "territory": 48,
        "controlled_by": 3
    }
},
{
    "model": "core.territorystate",
    "pk": 199,
    "fields": {
        "turn": 3,
        "territory": 49,
        "controlled_by": 6
    }
},
{
    "model": "core.territorystate",
    "pk": 200,
    "fields": {
        "turn": 3,
        "territory": 50,
        "controlled_by": 7
    }
},
{
    "model": "core.territorystate",
    "pk": 201,
    "fields": {
        "turn": 3,
        "territory": 51,
        "controlled_by": 6
    }
},
{
    "model": "core.territorystate",
    "pk": 202,
    "fields": {
        "turn": 3,
        "territory": 52,
        "controlled_by": 7
    }
},
{
    "model": "core.territorystate",
    "pk": 203,
    "fields": {
        "turn": 3,
        "territory": 53,
        "controlled_by": 4
    }
},
{
    "model": "core.territorystate",
    "pk": 204,
    "fields": {
        "turn": 3,
        "territory": 54,
        "controlled_by": 5
    }
},
{
    "model": "core.territorystate",
    "pk": 205,
    "fields": {
        "turn": 3,
        "territory": 55,
        "controlled_by": 5
    }
},
{
    "model": "core.territorystate",
    "pk": 206,
    "fields": {
        "turn": 3,
        "territory": 56,
        "controlled_by": 5
    }
},
{
    "model": "core.territorystate",
    "pk": 207,
    "fields": {
        "turn": 3,
        "territory": 57,
        "controlled_by": 1
    }
},
{
    "model": "core.territorystate",
    "pk": 208,
    "fields": {
        "turn": 3,
        "territory": 58,
        "controlled_by": 1
    }
},
{
    "model": "core.territorystate",
    "pk": 209,
    "fields": {
        "turn": 3,
        "territory": 59,
        "controlled_by": 4
    }
},
{
    "model": "core.territorystate",
    "pk": 210,
    "fields": {
        "turn": 3,
        "territory": 60,
        "controlled_by": 4
    }
},
{
    "model": "core.territorystate",
    "pk": 211,
    "fields": {
        "turn": 3,
        "territory": 61,
        "controlled_by": 2
    }
},
{
    "model": "core.territorystate",
    "pk": 212,
    "fields": {
        "turn": 3,
        "territory": 62,
        "controlled_by": 4
    }
},
{
    "model": "core.territorystate",
    "pk": 213,
    "fields": {
        "turn": 3,
        "territory": 63,
        "controlled_by": 6
    }
},
{
    "model": "core.territorystate",
    "pk": 214,
    "fields": {
        "turn": 3,
        "territory": 64,
        "controlled_by": 3
    }
},
{
    "model": "core.territorystate",
    "pk": 215,
    "fields": {
        "turn": 3,
        "territory": 65,
        "controlled_by": 3
    }
},
{
    "model": "core.territorystate",
    "pk": 216,
    "fields": {
        "turn": 3,
        "territory": 66,
        "controlled_by": 3
    }
},
{
    "model": "core.territorystate",
    "pk": 217,
    "fields": {
        "turn": 3,
        "territory": 67,
        "controlled_by": null
    }
},
{
    "model": "core.territorystate",
    "pk": 218,
    "fields": {
        "turn": 3,
        "territory": 68,
        "controlled_by": 3
    }
},
{
    "model": "core.territorystate",
    "pk": 219,
    "fields": {
        "turn": 3,
        "territory": 69,
        "controlled_by": 4
    }
},
{
    "model": "core.territorystate",
    "pk": 220,
    "fields": {
        "turn": 3,
        "territory": 70,
        "controlled_by": 6
    }
},
{
    "model": "core.territorystate",
    "pk": 221,
    "fields": {
        "turn": 3,
        "territory": 71,
        "controlled_by": 4
    }
},
{
    "model": "core.territorystate",
    "pk": 222,
    "fields": {
        "turn": 3,
        "territory": 72,
        "controlled_by": 6
    }
},
{
    "model": "core.territorystate",
    "pk": 223,
    "fields": {
        "turn": 3,
        "territory": 73,
        "controlled_by": 7
    }
},
{
    "model": "core.territorystate",
    "pk": 224,
    "fields": {
        "turn": 3,
        "territory": 74,
        "controlled_by": 2
    }
},
{
    "model": "core.territorystate",
    "pk": 225,
    "fields": {
        "turn": 3,
        "territory": 75,
        "controlled_by": 6
    }
},
{
    "model": "core.territorystate",
    "pk": 226,
    "fields": {
        "turn": 4,
        "territory": 1,
        "controlled_by": null
    }
},
{
    "model": "core.territorystate",
    "pk": 227,
    "fields": {
        "turn": 4,
        "territory": 2,
        "controlled_by": null
    }
},
{
    "model": "core.territorystate",
    "pk": 228,
    "fields": {
        "turn": 4,
        "territory": 3,
        "controlled_by": null
    }
},
{
    "model": "core.territorystate",
    "pk": 229,
    "fields": {
        "turn": 4,
        "territory": 4,
        "controlled_by": null
    }
},
{
    "model": "core.territorystate",
    "pk": 230,
    "fields": {
        "turn": 4,
        "territory": 5,
        "controlled_by": null
    }
},
{
    "model": "core.territorystate",
    "pk": 231,
    "fields": {
        "turn": 4,
        "territory": 6,
        "controlled_by": null
    }
},
{
    "model": "core.territorystate",
    "pk": 232,
    "fields": {
        "turn": 4,
        "territory": 7,
        "controlled_by": null
    }
},
{
    "model": "core.territorystate",
    "pk": 233,
    "fields": {
        "turn": 4,
        "territory": 8,
        "controlled_by": null
    }
},
{
    "model": "core.territorystate",
    "pk": 234,
    "fields": {
        "turn": 4,
        "territory": 9,
        "controlled_by": null
    }
},
{
    "model": "core.territorystate",
    "pk": 235,
    "fields": {
        "turn": 4,
        "territory": 10,
        "controlled_by": null
    }
},
{
    "model": "core.territorystate",
    "pk": 236,
    "fields": {
        "turn": 4,
        "territory": 11,
        "controlled_by": null
    }
},
{
    "model": "core.territorystate",
    "pk": 237,
    "fields": {
        "turn": 4,
        "territory": 12,
        "controlled_by": null
    }
},
{
    "model": "core.territorystate",
    "pk": 238,
    "fields": {
        "turn": 4,
        "territory": 13,
        "controlled_by": null
    }
},
{
    "model": "core.territorystate",
    "pk": 239,
    "fields": {
        "turn": 4,
        "territory": 14,
        "controlled_by": null
    }
},
{
    "model": "core.territorystate",
    "pk": 240,
    "fields": {
        "turn": 4,
        "territory": 15,
        "controlled_by": null
    }
},
{
    "model": "core.territorystate",
    "pk": 241,
    "fields": {
        "turn": 4,
        "territory": 16,
        "controlled_by": null
    }
},
{
    "model": "core.territorystate",
    "pk": 242,
    "fields": {
        "turn": 4,
        "territory": 17,
        "controlled_by": null
    }
},
{
    "model": "core.territorystate",
    "pk": 243,
    "fields": {
        "turn": 4,
        "territory": 18,
        "controlled_by": null
    }
},
{
    "model": "core.territorystate",
    "pk": 244,
    "fields": {
        "turn": 4,
        "territory": 19,
        "controlled_by": null
    }
},
{
    "model": "core.territorystate",
    "pk": 245,
    "fields": {
        "turn": 4,
        "territory": 20,
        "controlled_by": null
    }
},
{
    "model": "core.territorystate",
    "pk": 246,
    "fields": {
        "turn": 4,
        "territory": 21,
        "controlled_by": 7
    }
},
{
    "model": "core.territorystate",
    "pk": 247,
    "fields": {
        "turn": 4,
        "territory": 22,
        "controlled_by": 5
    }
},
{
    "model": "core.territorystate",
    "pk": 248,
    "fields": {
        "turn": 4,
        "territory": 23,
        "controlled_by": 7
    }
},
{
    "model": "core.territorystate",
    "pk": 249,
    "fields": {
        "turn": 4,
        "territory": 24,
        "controlled_by": 3
    }
},
{
    "model": "core.territorystate",
    "pk": 250,
    "fields": {
        "turn": 4,
        "territory": 25,
        "controlled_by": null
    }
},
{
    "model": "core.territorystate",
    "pk": 251,
    "fields": {
        "turn": 4,
        "territory": 26,
        "controlled_by": 2
    }
},
{
    "model": "core.territorystate",
    "pk": 252,
    "fields": {
        "turn": 4,
        "territory": 27,
        "controlled_by": 1
    }
},
{
    "model": "core.territorystate",
    "pk": 253,
    "fields": {
        "turn": 4,
        "territory": 28,
        "controlled_by": 7
    }
},
{
    "model": "core.territorystate",
    "pk": 254,
    "fields": {
        "turn": 4,
        "territory": 29,
        "controlled_by": 3
    }
},
{
    "model": "core.territorystate",
    "pk": 255,
    "fields": {
        "turn": 4,
        "territory": 30,
        "controlled_by": 1
    }
},
{
    "model": "core.territorystate",
    "pk": 256,
    "fields": {
        "turn": 4,
        "territory": 31,
        "controlled_by": 6
    }
},
{
    "model": "core.territorystate",
    "pk": 257,
    "fields": {
        "turn": 4,
        "territory": 32,
        "controlled_by": 2
    }
},
{
    "model": "core.territorystate",
    "pk": 258,
    "fields": {
        "turn": 4,
        "territory": 33,
        "controlled_by": 4
    }
},
{
    "model": "core.territorystate",
    "pk": 259,
    "fields": {
        "turn": 4,
        "territory": 34,
        "controlled_by": 3
    }
},
{
    "model": "core.territorystate",
    "pk": 260,
    "fields": {
        "turn": 4,
        "territory": 35,
        "controlled_by": 3
    }
},
{
    "model": "core.territorystate",
    "pk": 261,
    "fields": {
        "turn": 4,
        "territory": 36,
        "controlled_by": 1
    }
},
{
    "model": "core.territorystate",
    "pk": 262,
    "fields": {
        "turn": 4,
        "territory": 37,
        "controlled_by": 6
    }
},
{
    "model": "core.territorystate",
    "pk": 263,
    "fields": {
        "turn": 4,
        "territory": 38,
        "controlled_by": 1
    }
},
{
    "model": "core.territorystate",
    "pk": 264,
    "fields": {
        "turn": 4,
        "territory": 39,
        "controlled_by": 2
    }
},
{
    "model": "core.territorystate",
    "pk": 265,
    "fields": {
        "turn": 4,
        "territory": 40,
        "controlled_by": null
    }
},
{
    "model": "core.territorystate",
    "pk": 266,
    "fields": {
        "turn": 4,
        "territory": 41,
        "controlled_by": 5
    }
},
{
    "model": "core.territorystate",
    "pk": 267,
    "fields": {
        "turn": 4,
        "territory": 42,
        "controlled_by": 1
    }
},
{
    "model": "core.territorystate",
    "pk": 268,
    "fields": {
        "turn": 4,
        "territory": 43,
        "controlled_by": 2
    }
},
{
    "model": "core.territorystate",
    "pk": 269,
    "fields": {
        "turn": 4,
        "territory": 44,
        "controlled_by": 5
    }
},
{
    "model": "core.territorystate",
    "pk": 270,
    "fields": {
        "turn": 4,
        "territory": 45,
        "controlled_by": null
    }
},
{
    "model": "core.territorystate",
    "pk": 271,
    "fields": {
        "turn": 4,
        "territory": 46,
        "controlled_by": 5
    }
},
{
    "model": "core.territorystate",
    "pk": 272,
    "fields": {
        "turn": 4,
        "territory": 47,
        "controlled_by": 6
    }
},
{
    "model": "core.territorystate",
    "pk": 273,
    "fields": {
        "turn": 4,
        "territory": 48,
        "controlled_by": 3
    }
},
{
    "model": "core.territorystate",
    "pk": 274,
    "fields": {
        "turn": 4,
        "territory": 49,
        "controlled_by": 6
    }
},
{
    "model": "core.territorystate",
    "pk": 275,
    "fields": {
        "turn": 4,
        "territory": 50,
        "controlled_by": 7
    }
},
{
    "model": "core.territorystate",
    "pk": 276,
    "fields": {
        "turn": 4,
        "territory": 51,
        "controlled_by": 6
    }
},
{
    "model": "core.territorystate",
    "pk": 277,
    "fields": {
        "turn": 4,
        "territory": 52,
        "controlled_by": 7
    }
},
{
    "model": "core.territorystate",
    "pk": 278,
    "fields": {
        "turn": 4,
        "territory": 53,
        "controlled_by": 4
    }
},
{
    "model": "core.territorystate",
    "pk": 279,
    "fields": {
        "turn": 4,
        "territory": 54,
        "controlled_by": 5
    }
},
{
    "model": "core.territorystate",
    "pk": 280,
    "fields": {
        "turn": 4,
        "territory": 55,
        "controlled_by": 5
    }
},
{
    "model": "core.territorystate",
    "pk": 281,
    "fields": {
        "turn": 4,
        "territory": 56,
        "controlled_by": 5
    }
},
{
    "model": "core.territorystate",
    "pk": 282,
    "fields": {
        "turn": 4,
        "territory": 57,
        "controlled_by": 1
    }
},
{
    "model": "core.territorystate",
    "pk": 283,
    "fields": {
        "turn": 4,
        "territory": 58,
        "controlled_by": 1
    }
},
{
    "model": "core.territorystate",
    "pk": 284,
    "fields": {
        "turn": 4,
        "territory": 59,
        "controlled_by": 4
    }
},
{
    "model": "core.territorystate",
    "pk": 285,
    "fields": {
        "turn": 4,
        "territory": 60,
        "controlled_by": 4
    }
},
{
    "model": "core.territorystate",
    "pk": 286,
    "fields": {
        "turn": 4,
        "territory": 61,
        "controlled_by": 2
    }
},
{
    "model": "core.territorystate",
    "pk": 287,
    "fields": {
        "turn": 4,
        "territory": 62,
        "controlled_by": 4
    }
},
{
    "model": "core.territorystate",
    "pk": 288,
    "fields": {
        "turn": 4,
        "territory": 63,
        "controlled_by": 6
    }
},
{
    "model": "core.territorystate",
    "pk": 289,
    "fields": {
        "turn": 4,
        "territory": 64,
        "controlled_by": 3
    }
},
{
    "model": "core.territorystate",
    "pk": 290,
    "fields": {
        "turn": 4,
        "territory": 65,
        "controlled_by": 3
    }
},
{
    "model": "core.territorystate",
    "pk": 291,
    "fields": {
        "turn": 4,
        "territory": 66,
        "controlled_by": 3
    }
},
{
    "model": "core.territorystate",
    "pk": 292,
    "fields": {
        "turn": 4,
        "territory": 67,
        "controlled_by": null
    }
},
{
    "model": "core.territorystate",
    "pk": 293,
    "fields": {
        "turn": 4,
        "territory": 68,
        "controlled_by": 3
    }
},
{
    "model": "core.territorystate",
    "pk": 294,
    "fields": {
        "turn": 4,
        "territory": 69,
        "controlled_by": 4
    }
},
{
    "model": "core.territorystate",
    "pk": 295,
    "fields": {
        "turn": 4,
        "territory": 70,
        "controlled_by": 6
    }
},
{
    "model": "core.territorystate",
    "pk": 296,
    "fields": {
        "turn": 4,
        "territory": 71,
        "controlled_by": 4
    }
},
{
    "model": "core.territorystate",
    "pk": 297,
    "fields": {
        "turn": 4,
        "territory": 72,
        "controlled_by": 6
    }
},
{
    "model": "core.territorystate",
    "pk": 298,
    "fields": {
        "turn": 4,
        "territory": 73,
        "controlled_by": 7
    }
},
{
    "model": "core.territorystate",
    "pk": 299,
    "fields": {
        "turn": 4,
        "territory": 74,
        "controlled_by": 2
    }
},
{
    "model": "core.territorystate",
    "pk": 300,
    "fields": {
        "turn": 4,
        "territory": 75,
        "controlled_by": 6
    }
},
{
    "model": "core.territorystate",
    "pk": 301,
    "fields": {
        "turn": 5,
        "territory": 1,
        "controlled_by": null
    }
},
{
    "model": "core.territorystate",
    "pk": 302,
    "fields": {
        "turn": 5,
        "territory": 2,
        "controlled_by": null
    }
},
{
    "model": "core.territorystate",
    "pk": 303,
    "fields": {
        "turn": 5,
        "territory": 3,
        "controlled_by": null
    }
},
{
    "model": "core.territorystate",
    "pk": 304,
    "fields": {
        "turn": 5,
        "territory": 4,
        "controlled_by": null
    }
},
{
    "model": "core.territorystate",
    "pk": 305,
    "fields": {
        "turn": 5,
        "territory": 5,
        "controlled_by": null
    }
},
{
    "model": "core.territorystate",
    "pk": 306,
    "fields": {
        "turn": 5,
        "territory": 6,
        "controlled_by": null
    }
},
{
    "model": "core.territorystate",
    "pk": 307,
    "fields": {
        "turn": 5,
        "territory": 7,
        "controlled_by": null
    }
},
{
    "model": "core.territorystate",
    "pk": 308,
    "fields": {
        "turn": 5,
        "territory": 8,
        "controlled_by": null
    }
},
{
    "model": "core.territorystate",
    "pk": 309,
    "fields": {
        "turn": 5,
        "territory": 9,
        "controlled_by": null
    }
},
{
    "model": "core.territorystate",
    "pk": 310,
    "fields": {
        "turn": 5,
        "territory": 10,
        "controlled_by": null
    }
},
{
    "model": "core.territorystate",
    "pk": 311,
    "fields": {
        "turn": 5,
        "territory": 11,
        "controlled_by": null
    }
},
{
    "model": "core.territorystate",
    "pk": 312,
    "fields": {
        "turn": 5,
        "territory": 12,
        "controlled_by": null
    }
},
{
    "model": "core.territorystate",
    "pk": 313,
    "fields": {
        "turn": 5,
        "territory": 13,
        "controlled_by": null
    }
},
{
    "model": "core.territorystate",
    "pk": 314,
    "fields": {
        "turn": 5,
        "territory": 14,
        "controlled_by": null
    }
},
{
    "model": "core.territorystate",
    "pk": 315,
    "fields": {
        "turn": 5,
        "territory": 15,
        "controlled_by": null
    }
},
{
    "model": "core.territorystate",
    "pk": 316,
    "fields": {
        "turn": 5,
        "territory": 16,
        "controlled_by": null
    }
},
{
    "model": "core.territorystate",
    "pk": 317,
    "fields": {
        "turn": 5,
        "territory": 17,
        "controlled_by": null
    }
},
{
    "model": "core.territorystate",
    "pk": 318,
    "fields": {
        "turn": 5,
        "territory": 18,
        "controlled_by": null
    }
},
{
    "model": "core.territorystate",
    "pk": 319,
    "fields": {
        "turn": 5,
        "territory": 19,
        "controlled_by": null
    }
},
{
    "model": "core.territorystate",
    "pk": 320,
    "fields": {
        "turn": 5,
        "territory": 20,
        "controlled_by": null
    }
},
{
    "model": "core.territorystate",
    "pk": 321,
    "fields": {
        "turn": 5,
        "territory": 21,
        "controlled_by": 7
    }
},
{
    "model": "core.territorystate",
    "pk": 322,
    "fields": {
        "turn": 5,
        "territory": 22,
        "controlled_by": 5
    }
},
{
    "model": "core.territorystate",
    "pk": 323,
    "fields": {
        "turn": 5,
        "territory": 23,
        "controlled_by": 7
    }
},
{
    "model": "core.territorystate",
    "pk": 324,
    "fields": {
        "turn": 5,
        "territory": 24,
        "controlled_by": 3
    }
},
{
    "model": "core.territorystate",
    "pk": 325,
    "fields": {
        "turn": 5,
        "territory": 25,
        "controlled_by": null
    }
},
{
    "model": "core.territorystate",
    "pk": 326,
    "fields": {
        "turn": 5,
        "territory": 26,
        "controlled_by": 2
    }
},
{
    "model": "core.territorystate",
    "pk": 327,
    "fields": {
        "turn": 5,
        "territory": 27,
        "controlled_by": 1
    }
},
{
    "model": "core.territorystate",
    "pk": 328,
    "fields": {
        "turn": 5,
        "territory": 28,
        "controlled_by": 7
    }
},
{
    "model": "core.territorystate",
    "pk": 329,
    "fields": {
        "turn": 5,
        "territory": 29,
        "controlled_by": 3
    }
},
{
    "model": "core.territorystate",
    "pk": 330,
    "fields": {
        "turn": 5,
        "territory": 30,
        "controlled_by": 1
    }
},
{
    "model": "core.territorystate",
    "pk": 331,
    "fields": {
        "turn": 5,
        "territory": 31,
        "controlled_by": 6
    }
},
{
    "model": "core.territorystate",
    "pk": 332,
    "fields": {
        "turn": 5,
        "territory": 32,
        "controlled_by": 2
    }
},
{
    "model": "core.territorystate",
    "pk": 333,
    "fields": {
        "turn": 5,
        "territory": 33,
        "controlled_by": 4
    }
},
{
    "model": "core.territorystate",
    "pk": 334,
    "fields": {
        "turn": 5,
        "territory": 34,
        "controlled_by": 3
    }
},
{
    "model": "core.territorystate",
    "pk": 335,
    "fields": {
        "turn": 5,
        "territory": 35,
        "controlled_by": 3
    }
},
{
    "model": "core.territorystate",
    "pk": 336,
    "fields": {
        "turn": 5,
        "territory": 36,
        "controlled_by": 1
    }
},
{
    "model": "core.territorystate",
    "pk": 337,
    "fields": {
        "turn": 5,
        "territory": 37,
        "controlled_by": 6
    }
},
{
    "model": "core.territorystate",
    "pk": 338,
    "fields": {
        "turn": 5,
        "territory": 38,
        "controlled_by": 1
    }
},
{
    "model": "core.territorystate",
    "pk": 339,
    "fields": {
        "turn": 5,
        "territory": 39,
        "controlled_by": 2
    }
},
{
    "model": "core.territorystate",
    "pk": 340,
    "fields": {
        "turn": 5,
        "territory": 40,
        "controlled_by": null
    }
},
{
    "model": "core.territorystate",
    "pk": 341,
    "fields": {
        "turn": 5,
        "territory": 41,
        "controlled_by": 5
    }
},
{
    "model": "core.territorystate",
    "pk": 342,
    "fields": {
        "turn": 5,
        "territory": 42,
        "controlled_by": 1
    }
},
{
    "model": "core.territorystate",
    "pk": 343,
    "fields": {
        "turn": 5,
        "territory": 43,
        "controlled_by": 2
    }
},
{
    "model": "core.territorystate",
    "pk": 344,
    "fields": {
        "turn": 5,
        "territory": 44,
        "controlled_by": 5
    }
},
{
    "model": "core.territorystate",
    "pk": 345,
    "fields": {
        "turn": 5,
        "territory": 45,
        "controlled_by": null
    }
},
{
    "model": "core.territorystate",
    "pk": 346,
    "fields": {
        "turn": 5,
        "territory": 46,
        "controlled_by": 5
    }
},
{
    "model": "core.territorystate",
    "pk": 347,
    "fields": {
        "turn": 5,
        "territory": 47,
        "controlled_by": 6
    }
},
{
    "model": "core.territorystate",
    "pk": 348,
    "fields": {
        "turn": 5,
        "territory": 48,
        "controlled_by": 3
    }
},
{
    "model": "core.territorystate",
    "pk": 349,
    "fields": {
        "turn": 5,
        "territory": 49,
        "controlled_by": 6
    }
},
{
    "model": "core.territorystate",
    "pk": 350,
    "fields": {
        "turn": 5,
        "territory": 50,
        "controlled_by": 7
    }
},
{
    "model": "core.territorystate",
    "pk": 351,
    "fields": {
        "turn": 5,
        "territory": 51,
        "controlled_by": 6
    }
},
{
    "model": "core.territorystate",
    "pk": 352,
    "fields": {
        "turn": 5,
        "territory": 52,
        "controlled_by": 7
    }
},
{
    "model": "core.territorystate",
    "pk": 353,
    "fields": {
        "turn": 5,
        "territory": 53,
        "controlled_by": 4
    }
},
{
    "model": "core.territorystate",
    "pk": 354,
    "fields": {
        "turn": 5,
        "territory": 54,
        "controlled_by": 5
    }
},
{
    "model": "core.territorystate",
    "pk": 355,
    "fields": {
        "turn": 5,
        "territory": 55,
        "controlled_by": 5
    }
},
{
    "model": "core.territorystate",
    "pk": 356,
    "fields": {
        "turn": 5,
        "territory": 56,
        "controlled_by": 5
    }
},
{
    "model": "core.territorystate",
    "pk": 357,
    "fields": {
        "turn": 5,
        "territory": 57,
        "controlled_by": 1
    }
},
{
    "model": "core.territorystate",
    "pk": 358,
    "fields": {
        "turn": 5,
        "territory": 58,
        "controlled_by": 1
    }
},
{
    "model": "core.territorystate",
    "pk": 359,
    "fields": {
        "turn": 5,
        "territory": 59,
        "controlled_by": 4
    }
},
{
    "model": "core.territorystate",
    "pk": 360,
    "fields": {
        "turn": 5,
        "territory": 60,
        "controlled_by": 4
    }
},
{
    "model": "core.territorystate",
    "pk": 361,
    "fields": {
        "turn": 5,
        "territory": 61,
        "controlled_by": 2
    }
},
{
    "model": "core.territorystate",
    "pk": 362,
    "fields": {
        "turn": 5,
        "territory": 62,
        "controlled_by": 4
    }
},
{
    "model": "core.territorystate",
    "pk": 363,
    "fields": {
        "turn": 5,
        "territory": 63,
        "controlled_by": 6
    }
},
{
    "model": "core.territorystate",
    "pk": 364,
    "fields": {
        "turn": 5,
        "territory": 64,
        "controlled_by": 3
    }
},
{
    "model": "core.territorystate",
    "pk": 365,
    "fields": {
        "turn": 5,
        "territory": 65,
        "controlled_by": 3
    }
},
{
    "model": "core.territorystate",
    "pk": 366,
    "fields": {
        "turn": 5,
        "territory": 66,
        "controlled_by": 3
    }
},
{
    "model": "core.territorystate",
    "pk": 367,
    "fields": {
        "turn": 5,
        "territory": 67,
        "controlled_by": null
    }
},
{
    "model": "core.territorystate",
    "pk": 368,
    "fields": {
        "turn": 5,
        "territory": 68,
        "controlled_by": 3
    }
},
{
    "model": "core.territorystate",
    "pk": 369,
    "fields": {
        "turn": 5,
        "territory": 69,
        "controlled_by": 4
    }
},
{
    "model": "core.territorystate",
    "pk": 370,
    "fields": {
        "turn": 5,
        "territory": 70,
        "controlled_by": 6
    }
},
{
    "model": "core.territorystate",
    "pk": 371,
    "fields": {
        "turn": 5,
        "territory": 71,
        "controlled_by": 4
    }
},
{
    "model": "core.territorystate",
    "pk": 372,
    "fields": {
        "turn": 5,
        "territory": 72,
        "controlled_by": 6
    }
},
{
    "model": "core.territorystate",
    "pk": 373,
    "fields": {
        "turn": 5,
        "territory": 73,
        "controlled_by": 7
    }
},
{
    "model": "core.territorystate",
    "pk": 374,
    "fields": {
        "turn": 5,
        "territory": 74,
        "controlled_by": 2
    }
},
{
    "model": "core.territorystate",
    "pk": 375,
    "fields": {
        "turn": 5,
        "territory": 75,
        "controlled_by": 6
    }
},
{
    "model": "core.variant",
    "pk": 1,
    "fields": {
        "name": "Standard",
        "max_num_players": 7,
        "num_supply_centers_to_win": 18,
        "starting_year": 1901,
        "starting_season": "spring",
        "starting_phase": "order"
    }
}
]
